German,Arabic,Pronunciation,Article,Plural,Type,Level,Tags,Status,Mastery,Quality Issues
lecker,لذيذ,لِكر,,,word,,,new,0,
geschmeckt,تذوق,غهشمِكت,,,word,,,new,0,
vermissen,يفتقد,فرميززن,,,word,,,new,0,
das Heimweh,الحنين إلى الوطن,داس هآيمفِه,das,,noun,,,new,0,
das Heimatland,الوطن,داس هآيماتلاند,das,,noun,,,new,0,
das Zuhause,بيت,داس تسوهآوزه,das,,noun,,,new,0,
verstehen,يفهم,فرزتههن,,,word,,,new,0,
hier sein,كن هنا,هير زآين,,,phrase,,,new,0,
hierherkommen,تعال الى هنا,هيرهركوممن,,,word,,,new,0,
zurückgehen,عُد,تسوروكغههن,,,word,,,new,0,
fliegen,سافر,فليغن,,,word,,,new,0,
nach Zürich fliegen,السفر جواً إلى زيورخ,ناخ تسوريش فليغن,,,phrase,,,new,0,
bleiben,يبقى,بلآيبن,,,word,,,new,0,
verlassen,يترك,فرلاززن,,,word,,,new,0,
fremd,أجنبي,فرِمد,,,word,,,new,0,
froh,مسرور,فروه,,,word,,,new,0,
leicht,سهل / خفيف,لآيشت,,,word,,,new,0,
das Glück,سعادة,داس غلوك,das,,noun,,,new,0,
die Hilfe,المساعدة,دي هيلفه,die,,noun,,,new,0,
die Situation,الوضع,دي زيتواتسيون,die,,noun,,,new,0,
schlimm,رهيب,شليمم,,,word,,,new,0,
studieren,يذاكر,شتوديرن,,,word,,,new,0,
brauchen,يحتاج,برآوشن,,,word,,,new,0,
etwas sagen,قل شيئا,ِتفاز زاغن,,,phrase,,,new,0,
etwas packen,احزم بعض الأغراض,ِتفاز باكن,,,phrase,,,new,0,
sterben,الموت,شتربن,,,word,,,new,0,
einen Anruf bekommen,تلقي مكالمة,آينن انروف بهكوممن,,,phrase,,,new,0,
Hilfe brauchen,أحتاج للمساعدة,هيلفه برآوشن,,,phrase,,,new,0,
"Freut mich, dass es euch geschmeckt hat.",يسعدني أنك استمتعت به.,"فرأويت ميش, داس إس أويش غهشمِكت هات.",,,sentence,,,new,0,
"Es ist schön, wieder hier zu sein.",من الجميل أن أكون هنا من جديد.,"إس يزت شون, فيدر هير تسو زآين.",,,sentence,,,new,0,
Ich hatte Heimweh.,كنت أشعر بالحنين إلى الوطن.,إيش هاتته هآيمفِه.,,,sentence,,,new,0,
Ich habe Deutschland vermisst.,اشتقت إلى ألمانيا.,إيش هابه دأويتشلاند فرميززت.,,,sentence,,,new,0,
"Ich komme zwar aus der Türkei, aber ...",قد أكون من تركيا، لكن...,"إيش كوممه تسفار آوس دير توركآي, آبر ...",,,sentence,,,new,0,رموز أو جزء مبتور يحتاج مراجعة
Ich wohne schon sehr lange hier.,لقد عشت هنا لفترة طويلة جداً.,إيش فوهنه شون زير لانغه هير.,,,sentence,,,new,0,
Warum hast du denn nichts gesagt?,لماذا لم تقل شيئاً؟,فاروم هازت دو دين نيشتز غهزاغت?,,,sentence,,,overdue,47,
viele,كثير,فيله,,,word,,,new,0,
jung,شاب,يونغ,,,word,,,new,0,
der Mensch,الإنسان,دير منش,der,,noun,,,new,0,
die Welt,العالم,دي فلت,die,,noun,,,new,0,
auf der ganzen Welt,حول العالم,آوف دير غانتسن فلت,,,sentence,,,new,0,
tun,يفعل,تون,,,word,,,new,0,
das Beste,الأفضل,داس بهزته,das,,noun,,,new,0,
fahren,يقود,فاهرن,,,word,,,new,0,
nach Brasilien,إلى البرازيل,ناخ برازيلين,,,phrase,,,new,0,
nach China,إلى الصين,ناخ شينا,,,phrase,,,new,0,
nach England,إلى إنجلترا,ناخ نغلاند,,,phrase,,,new,0,
nach Österreich,إلى النمسا,ناخ وِزتررآيش,,,phrase,,,new,0,
in die USA,إلى الولايات المتحدة الأمريكية,إن دي وزا,,,phrase,,,new,0,
in die Schweiz,إلى سويسرا,إن دي شفآيتس,,,phrase,,,new,0,
die Sprache,اللغة,دي شبراخه,die,,noun,,,new,0,
fremde Sprachen,اللغات الأجنبية,فرِمده شبراخن,,,phrase,,,new,0,
die Kultur,الثقافة,دي كولتور,die,,noun,,,new,0,
kennenlernen,تعرف على,كنننلرنن,,,word,,,new,0,
Informationen,معلومات,ينفورماتسيونن,,,word,,,new,0,
ein paar Informationen,بعض المعلومات,آين باار ينفورماتسيونن,,,phrase,,,new,0,
kosten,يكلف,كوزتن,,,word,,,new,0,
wenig,عدد قليل,فنيغ,,,word,,,new,0,
sogar,حتى,زوغار,,,word,,,new,0,
ein bisschen,قليلاً,آين بيزشن,,,phrase,,,new,0,
das Geld,المال,داس غلد,das,,noun,,,new,0,
das Taschengeld,مصروف الجيب,داس تاشنغلد,das,,noun,,,new,0,
bezahlen,يدفع,بهتساهلن,,,word,,,new,0,
das Au-pair,المربية,داس آو-بآير,das,,noun,,,new,0,
die Familie,العائلة,دي فاميلي,die,,noun,,,new,0,
das Kind,الطفل,داس كيند,das,,noun,,,new,0,
die Kinder,الأطفال,دي كيندر,die,,noun,,,new,0,
bei einer Familie,مع عائلة,باي آينر فاميلي,,,phrase,,,overdue,34,
spielen,يلعب,شبيلن,,,word,,,new,0,
mit den Kindern spielen,اللعب مع الأطفال,ميت دن كيندرن شبيلن,,,sentence,,,new,0,
auf die Kinder aufpassen,اعتني بالأطفال,آوف دي كيندر آوفباززن,,,sentence,,,weak,52,
helfen,يساعد,هلفن,,,word,,,new,0,
die Hausarbeit,الأعمال المنزلية,دي هآوزاربآيت,die,,noun,,,new,0,
inklusive,مشتمل,ينكلوزيفه,,,word,,,new,0,
das Babysitting,جليسة أطفال,داس بابيزيتتينغ,das,,noun,,,new,0,
die Arbeitszeit,ساعات العمل,دي اربآيتزتسآيت,die,,noun,,,new,0,
betragen,يكون,بهتراغن,,,word,,,new,0,
die Stunde,الساعة,دي شتونده,die,,noun,,,new,0,
in der Woche,خلال الأسبوع,إن دير فوخه,,,phrase,,,new,0,
mindestens,على الأقل,ميندِزتنز,,,word,,,new,0,
höchstens,على الأكثر,هوِشزتنز,,,word,,,new,0,
in der Regel,عادة,إن دير رِغل,,,phrase,,,new,0,
die Unterkunft,مكان الإقامة,دي ونتركونفت,die,,noun,,,new,0,
die Verpflegung,خدمات الطعام,دي فربفلِغونغ,die,,noun,,,new,0,
kostenlos,مجاناً,كوزتنلوز,,,word,,,new,0,
zusammen mit,مع,تسوزاممن ميت,,,phrase,,,new,0,
zusammen mit wohnen,العيش معًا,تسوزاممن ميت فوهنن,,,phrase,,,new,0,
dort,هناك,دورت,,,word,,,new,0,
der Sprachkurs,دورة اللغة,دير شبراخكورز,der,,noun,,,new,0,
einen Sprachkurs besuchen,حضور دورة لغة,آينن شبراخكورز بهزوخن,,,phrase,,,new,0,
die Krankenversicherung,التأمين الصحي,دي كرانكنفرزيشرونغ,die,,noun,,,new,0,
die Agentur,الوكالة,دي اغنتور,die,,noun,,,new,0,
die Au-pair-Agentur,وكالة المربيات,دي آو-بآير-اغنتور,die,,noun,,,new,0,
übernehmen,الاستحواذ,وبرنِهمن,,,word,,,new,0,
die Vermittlung,الوساطة,دي فرميتتلونغ,die,,noun,,,new,0,
dass,الذي - التي,داس,,,word,,,new,0,
weil,لأن,فايل,,,word,,,new,0,
warum,لماذا,فاروم,,,word,,,new,0,
weshalb,ولأي سبب؟,فِزهالب,,,word,,,new,0,
wieso,كيف ذلك؟,فيزو,,,word,,,new,0,
doch,لكن,دوخ,,,word,,,new,0,
gar nicht,مُطْلَقاً,غار نيشت,,,phrase,,,new,0,
der Anfang,البداية,دير انفانغ,der,,noun,,,new,0,
der Anruf,المكالمة,دير انروف,der,,noun,,,new,0,
sich Zürich ansehen,لزيارة زيورخ,زيش تسوريش انزِهن,,,phrase,,,new,0,
Geld verdienen,اكسب المال,غلد فردينن,,,phrase,,,new,0,
weinen,يبكي,فآينن,,,word,,,new,0,
die Türkei,تركيا,دي توركآي,die,,noun,,,new,0,
zwar ... aber,على الرغم من ذلك، لكن,تسفار ... آبر,,,phrase,,,new,0,رموز أو جزء مبتور يحتاج مراجعة
die Integration,التكامل,دي ينتهغراتسيون,die,,noun,,,new,0,
langfristig,على المدى الطويل,لانغفريزتيغ,,,word,,,new,0,
der Prozess,العملية,دير بروتسِزز,der,,noun,,,new,0,
das Ziel,الهدف,داس تسيل,das,,noun,,,new,0,
alle Menschen,جميع الناس,الله منشن,,,phrase,,,new,0,
die Gesellschaft,المجتمع,دي غهزللشافت,die,,noun,,,new,0,
ein Teil der Gesellschaft werden,أن تصبح جزءًا من المجتمع,آين تآيل دير غهزللشافت فردن,,,sentence,,,new,0,
in Deutschland,في ألمانيا,إن دأويتشلاند,,,phrase,,,new,0,
sich zu Hause fühlen,أشعر وكأنني في بيتي,زيش تسو هآوزه فوهلن,,,sentence,,,new,0,
Deutsch lernen,تعلم اللغة الألمانية,دأويتش لرنن,,,phrase,,,new,0,
die Verfassung,الدستور,دي فرفاززونغ,die,,noun,,,new,0,
das Gesetz,القانون,داس غهزِتس,das,,noun,,,new,0,
kennen,يعرف,كننن,,,word,,,new,0,
respektieren,احترام,رِزبهكتيرن,,,word,,,new,0,
der Migrant,المهاجر,دير ميغرانت,der,,noun,,,new,0,
die Migrantin,المهاجر,دي ميغرانتين,die,,noun,,,new,0,
Migranten und Migrantinnen,المهاجرون,ميغرانتن أوند ميغرانتيننن,,,phrase,,,new,0,
auch,أيضًا,آوش,,,word,,,new,0,
sollen,يجب,زوللن,,,word,,,new,0,
gut Deutsch sprechen,أتحدث الألمانية بطلاقة,غوت دأويتش شبرِشن,,,phrase,,,new,0,
nur spanische Freunde,أصدقاء إسبان فقط,نور شبانيشه فرأوينده,,,phrase,,,new,0,
Pläne machen,ضع خططًا,بلينه ماخن,,,phrase,,,new,0,
die Zukunft,المستقبل,دي تسوكونفت,die,,noun,,,new,0,
der Zukunftsplan,الخطة المستقبلية,دير تسوكونفتزبلان,der,,noun,,,new,0,
Welche Zukunftspläne hast du?,ما هي خططك المستقبلية؟,فلشه تسوكونفتزبلينه هازت دو?,,,sentence,,,new,0,
noch mehr Deutsch lernen,تعلم المزيد من اللغة الألمانية,نوخ مير دأويتش لرنن,,,sentence,,,new,0,
erfolgreich sein,كن ناجحاً,رفولغرآيش زآين,,,phrase,,,new,0,
keine Familie möchten,لا تريد أي عائلة,كاينه فاميلي موِشتن,,,phrase,,,new,0,
das Studium,الدراسة,داس شتوديوم,das,,noun,,,new,0,
weiter studieren,استمر في الدراسة,فآيتر شتوديرن,,,phrase,,,new,0,
nicht mehr studieren,لم يعد يدرس,نيشت مير شتوديرن,,,phrase,,,new,0,
der Intensivkurs,الدورة المكثفة,دير ينتنزيفكورز,der,,noun,,,new,0,
einen Intensivkurs machen,التحق بدورة مكثفة,آينن ينتنزيفكورز ماخن,,,phrase,,,new,0,
in Köln,في كولونيا,إن كولن,,,phrase,,,new,0,
Jura,قانون,يورا,,,word,,,new,0,
Jura studieren,دراسة القانون,يورا شتوديرن,,,phrase,,,new,0,
Examen machen,قم بإجراء الامتحان,ِكسامن ماخن,,,phrase,,,new,0,
die Meinung,الرأي,دي مآينونغ,die,,noun,,,new,0,
der Meinung sein,أن يكون من الرأي,دير مآينونغ زآين,der,,phrase,,,new,0,
die Aussage,البيان,دي آوززاغه,die,,noun,,,new,0,
Was stimmt?,ما هو الصحيح؟,فاس شتيممت?,,,phrase,,,new,0,
der Beruf,الوظيفة,دير بروف,der,,noun,,,new,0,
die Ausbildung,التدريب,دي آوزبيلدونغ,die,,noun,,,new,0,
eine Ausbildung machen,للقيام بتدريب مهني,آينه آوزبيلدونغ ماخن,,,phrase,,,new,0,
das Praktikum,التدريب الداخلي,داس براكتيكوم,das,,noun,,,new,0,
ein Praktikum machen,قم بتدريب عملي,آين براكتيكوم ماخن,,,phrase,,,new,0,
Arbeit finden,البحث عن وظيفة,اربآيت فيندن,,,phrase,,,new,0,
die Werkstatt,ورشة العمل,دي فركزتاتت,die,,noun,,,new,0,
der Onkel,العم,دير ونكل,der,,noun,,,new,0,
die Mechatronikerin,مهندس الميكاترونيات,دي مِشاترونيكرين,die,,noun,,,new,0,
das Autohaus,وكالة بيع السيارات,داس آوتوهآوز,das,,noun,,,new,0,
anstrengend,مرهق,انزترنغند,,,word,,,new,0,
viel Spaß machen,استمتع كثيراً,فيل شباس ماخن,,,phrase,,,new,0,
die Arbeitserlaubnis,تصريح العمل,دي اربآيتزرلآوبنيز,die,,noun,,,new,0,
Angst haben,أن تخاف,انغزت هابن,,,phrase,,,new,0,
keine Arbeit finden,لا أستطيع العثور على وظيفة,كاينه اربآيت فيندن,,,phrase,,,new,0,
noch besser,بل وأفضل من ذلك,نوخ بهززر,,,phrase,,,due,0,
deshalb,ولهذا السبب,دِزهالب,,,word,,,new,0,
auf keinen Fall,بالتأكيد لا,آوف كآينن فالل,,,phrase,,,new,0,
die Eltern,الوالدان,دي لترن,die,,noun,,,new,0,
Meine Eltern verstehen mich nicht.,والداي لا يفهمانني.,مآينه لترن فرزتههن ميش نيشت.,,,sentence,,,new,0,
"Sie sagen, ich muss weiter studieren.",يقولون إنه يجب عليّ مواصلة الدراسة.,"زي زاغن, إيش موزز فآيتر شتوديرن.",,,sentence,,,new,0,
Ich will nicht mehr studieren.,لا أريد أن أدرس بعد الآن.,إيش فيلل نيشت مير شتوديرن.,,,sentence,,,ignored,0,أبلغ المستخدم عن مشكلة لغوية أو بياناتية
hassen,يكره,هاززن,,,word,,,new,0,
alles daran,كل شيء عنه,اللِز داران,,,phrase,,,ignored,0,أبلغ المستخدم عن مشكلة لغوية أو بياناتية
der Bruder,الأخ,دير برودر,der,,noun,,,new,0,
perfekt,ممتاز,برفِكت,,,word,,,new,0,
nicht so perfekt wie mein Bruder,ليس مثالياً مثل أخي,نيشت زو برفِكت في مآين برودر,,,sentence,,,new,0,
mit den Händen arbeiten,العمل بيديك,ميت دن هيندن اربآيتن,,,sentence,,,weak,40,
wollen,يريد,فوللن,,,word,,,new,0,
möchten,يريد,موِشتن,,,word,,,new,0,
wohnen,الإقامة,فوهنن,,,word,,,new,0,
leben,حياة,لِبن,,,word,,,new,0,
zurück,خلف,تسوروك,,,word,,,new,0,
zurück nach Spanien,العودة إلى إسبانيا,تسوروك ناخ شبانين,,,phrase,,,new,0,
die Konjunktion,حرف العطف,دي كونيونكتسيون,die,,noun,,,new,0,
der Hauptsatz,الجملة الرئيسية,دير هآوبتزاتس,der,,noun,,,new,0,
der Nebensatz,الجملة التابعة,دير نِبنزاتس,der,,noun,,,new,0,
sicher,يؤمن,زيشر,,,word,,,new,0,
der Neuanfang,بداية جديدة,دير نأويانفانغ,der,,noun,,,new,0,
schwer,صعب,شفر,,,word,,,new,0,
die Deutschkenntnisse,إتقان اللغة الألمانية,دي دأويتشكننتنيززه,die,,noun,,,new,0,
üben,يمارس,وبن,,,word,,,new,0,
schneller,أسرع,شنللر,,,word,,,new,0,
Du kümmerst dich um alles.,أنت تتولى كل شيء.,دو كوممرزت ديش وم اللِز.,,,sentence,,,new,0,
die Wohnung,الشقة,دي فوهنونغ,die,,noun,,,new,0,
fürs Erste,في الوقت الراهن,فورز رزته,,,phrase,,,new,0,
sofort,في الحال,زوفورت,,,word,,,new,0,
Sie machen sich Sorgen.,إنهم قلقون.,زي ماخن زيش زورغن.,,,sentence,,,new,0,
belügen,كذب,بلوغن,,,word,,,new,0,
Es wird nicht besser.,الوضع لا يتحسن.,إس فيرد نيشت بهززر.,,,sentence,,,new,0,
leichtsinnig,متهور,لآيشتزيننيغ,,,word,,,new,0,
konkrete Pläne,خطط ملموسة,كونكرِته بلينه,,,phrase,,,new,0,
überzeugen,يقنع,وبرتسأويغن,,,word,,,new,0,
aufgeben,يستسلم,آوفغهبن,,,word,,,new,0,
der Streit,النزاع,دير شترآيت,der,,noun,,,new,0,
nachdenken,تأمل,ناخدنكن,,,word,,,new,0,
zum Glück,لحسن الحظ,تسوم غلوك,,,phrase,,,new,0,
die Sprachschule,مدرسة اللغات,دي شبراخشوله,die,,noun,,,new,0,
gleich,حتى,غلآيش,,,word,,,new,0,
die E-Mail,البريد الإلكتروني,دي ه-مآيل,die,,noun,,,new,0,
versprochen,وعد,فرزبروخن,,,word,,,new,0,
die indirekte Frage,السؤال غير المباشر,دي ينديرِكته فراغه,die,,phrase,,,new,0,
nicht einmal,ولا حتى,نيشت آينمال,,,phrase,,,new,0,
Was ist mit ...?,ماذا عن ...؟,فاس يزت ميت ...?,,,sentence,,,new,0,رموز أو جزء مبتور يحتاج مراجعة
Das reicht nicht.,هذا لا يكفي.,داس رآيشت نيشت.,das,,sentence,,,new,0,
Einfach so?,بكل بساطة؟,آينفاخ زو?,,,phrase,,,new,0,
Viel Erfolg!,حظ سعيد!,فيل رفولغ!,,,phrase,,,new,0,
und so weiter,وهكذا,أوند زو فآيتر,,,phrase,,,new,0,
Ab jetzt,من الآن فصاعدًا,اب يِتست,,,phrase,,,new,0,
kein Spanisch mehr,لا مزيد من الإسبانية,كاين شبانيش مير,,,phrase,,,new,0,
nur noch Deutsch,الألمانية فقط,نور نوخ دأويتش,,,phrase,,,new,0,
am besten,يفضل,آم بهزتن,,,phrase,,,new,0,
anrufen,يتصل,انروفن,,,word,,,new,0,
länger warten,انتظر لفترة أطول,لينغر فارتن,,,phrase,,,new,0,
schaffen,يخلق,شاففن,,,word,,,new,0,
die Arbeit,العمل,دي اربآيت,die,,noun,,,new,0,
witzig,مضحك,فيتسيغ,,,word,,,new,0,
Deutsch,الألمانية,دأويتش,,,word,,,new,0,
Deutschland,ألمانيا,دأويتشلاند,,,word,,,new,0,
Spanisch,الأسبانية,شبانيش,,,word,,,new,0,
Sehr geehrte Damen und Herren,سيداتي وسادتي,زير غهِهرته دامن أوند هررن,,,sentence,,,learning,65,
Mit freundlichen Grüßen,أطيب التحيات,ميت فرأويندليشن غروسن,,,phrase,,,new,0,
der Gruß,التحية,دير غروس,der,,noun,,,new,0,
die Grüße,تحيات,دي غروسه,die,,noun,,,new,0,
natürlich,بشكل طبيعي,ناتورليش,,,word,,,new,0,
zuerst,أولاً,تسورزت,,,word,,,new,0,
selbst,نفسه,زلبزت,,,word,,,new,0,
der Neffe,ابن الأخ,دير نِففه,der,,noun,,,new,0,
die Niveaustufe,المستوى,دي نيفِآوزتوفه,die,,noun,,,new,0,
die Telefonnummer,رقم الهاتف,دي تلِفوننوممر,die,,noun,,,new,0,
der Beratungstermin,موعد الاستشارة,دير براتونغزترمين,der,,noun,,,new,0,
das Beratungsgespräch,الاستشارة,داس براتونغزغهزبريش,das,,noun,,,new,0,
Zeit haben,لدي وقت,تسآيت هابن,,,phrase,,,new,0,
einen Termin vereinbaren,حدد موعدًا,آينن ترمين فرآينبارن,,,phrase,,,new,0,
stattfinden,يحدث,شتاتتفيندن,,,word,,,new,0,
ankommen,يصل,انكوممن,,,word,,,new,0,
im Computer nachsehen,تحقق من الكمبيوتر,إم كومبوتر ناخزِهن,,,phrase,,,new,0,
vielleicht,ربما,فيللآيشت,,,word,,,new,0,
der Bahnhof,المحطة,دير باهنهوف,der,,noun,,,new,0,
Ich möchte gerne wissen,أود أن أعرف,إيش موِشته غرنه فيززن,,,sentence,,,new,0,
Können Sie mir sagen,هل يمكن أن تخبرني,كوننن زي مير زاغن,,,sentence,,,weak,4,
Können Sie mir vielleicht sagen,هل يمكنك أن تخبرني؟,كوننن زي مير فيللآيشت زاغن,,,sentence,,,new,0,
Darf ich Sie fragen,هل لي أن أسألك؟,دارف إيش زي فراغن,,,sentence,,,new,0,
Haben Sie eine Idee,هل لديك فكرة؟,هابن زي آينه يده,,,sentence,,,learning,9,
verbessern,يحسن,فربهززرن,,,word,,,new,0,
Deutschkenntnisse verbessern,تحسين مهارات اللغة الألمانية,دأويتشكننتنيززه فربهززرن,,,phrase,,,new,0,
die Vokabeln,المفردات,دي فوكابلن,die,,noun,,,new,0,
die Grammatik,القواعد,دي غرامماتيك,die,,noun,,,new,0,
die Aussprache,النطق,دي آوززبراخه,die,,noun,,,new,0,
die Aussprache üben,تدرب على النطق,دي آوززبراخه وبن,die,,phrase,,,new,0,
schwere Wörter,كلمات صعبة,شفره فورتر,,,phrase,,,new,0,
bestimmt,بالتأكيد,بهزتيممت,,,word,,,new,0,
gerade,مستقيم,غراده,,,word,,,new,0,
heute noch,حتى اليوم,هويته نوخ,,,phrase,,,new,0,
erst mal,أولاً,رزت مال,,,phrase,,,new,0,
weggehen,يترك,فِغغههن,,,word,,,new,0,
früher,سابقًا,فروهر,,,word,,,new,0,
das Problem,المشكلة,داس بروبلِم,das,,noun,,,new,0,
die Probleme,المشاكل,دي بروبلِمه,die,,noun,,,new,0,
die Überweisung,عملية النقل,دي وبرفآيزونغ,die,,noun,,,new,0,
per,بواسطة,بر,,,word,,,new,0,
die Lastschrift,الخصم المباشر,دي لازتشريفت,die,,noun,,,new,0,
die Zahlungen,المدفوعات,دي تساهلونغن,die,,noun,,,new,0,
der Verkäufer,البائع,دير فركأويفر,der,,noun,,,new,0,
der Zahlungseingang,استلام الدفعة,دير تساهلونغزآينغانغ,der,,noun,,,new,0,
bestellt,تم الطلب,بهزتللت,,,word,,,new,0,
die Zahlungsart,طريقة الدفع,دي تساهلونغزارت,die,,noun,,,new,0,
der Zahlungsempfänger,المستفيد,دير تساهلونغزِمبفينغر,der,,noun,,,new,0,
abbuchen,دَين,اببوخن,,,word,,,new,0,
die Miete,الإيجار,دي ميته,die,,noun,,,new,0,
der Vermieter,المالك,دير فرميتر,der,,noun,,,new,0,
einen Dauerauftrag einrichten,قم بإعداد أمر دفع دائم,آينن دآورآوفتراغ آينريشتن,,,phrase,,,new,0,
die Erinnerung,الذاكرة,دي ريننرونغ,die,,noun,,,new,0,
die Nachricht,الرسالة,دي ناخريشت,die,,noun,,,new,0,
bar,دُبٌّ,بار,,,word,,,learning,19,
meistens,في الغالب,مآيزتنز,,,word,,,new,0,
bekommen,يستلم,بهكوممن,,,word,,,new,0,
die Bescheinigung,الشهادة,دي بهشآينيغونغ,die,,noun,,,new,0,
die Reparatur,الإصلاح,دي رِباراتور,die,,noun,,,new,0,
der Heizkörper,المبرد,دير هآيتسكوربر,der,,noun,,,new,0,
die Anfahrtskosten,تكاليف السفر,دي انفاهرتزكوزتن,die,,noun,,,new,0,
die Summe,المجموع,دي زوممه,die,,noun,,,new,0,
das unten genannte Konto,الحساب المذكور أدناه,داس ونتن غناننته كونتو,das,,sentence,,,new,0,
die Überweisungsdaten,تفاصيل التحويل,دي وبرفآيزونغزداتن,die,,noun,,,new,0,
die Stromrechnung,فاتورة الكهرباء,دي شترومرِشنونغ,die,,noun,,,new,0,
die IBAN,رقم الحساب المصرفي الدولي (IBAN),دي يبان,die,,noun,,,new,0,
der Rechnungsbetrag,مبلغ الفاتورة,دير رِشنونغزبهتراغ,der,,noun,,,new,0,
die TAN,تان,دي تان,die,,noun,,,new,0,
eingeben,مدخل,آينغهبن,,,word,,,new,0,
vorlesen,اقرأ بصوت عالٍ,فورلِزن,,,word,,,new,0,
das Haben,تناول,داس هابن,das,,noun,,,new,0,
das Plus,الإيجابيات,داس بلوز,das,,noun,,,new,0,
das Soll,الهدف,داس زولل,das,,noun,,,new,0,
das Minus,السالب,داس مينوز,das,,noun,,,new,0,
der Fahrradladen,متجر الدراجات,دير فاهررادلادن,der,,noun,,,new,0,
aufnehmen,للتسجيل,آوفنِهمن,,,word,,,new,0,
leihen,أعار,لآيهن,,,word,,,new,0,
die Raten,الأسعار,دي راتن,die,,noun,,,new,0,
die Rechnung,مشروع القانون,دي رِشنونغ,die,,noun,,,weak,43,
vergessen,ينسى,فرغهززن,,,word,,,new,0,
eingehen,ل,آينغههن,,,word,,,new,0,
abgehen,مغادرة,ابغههن,,,word,,,new,0,
der Zahlungsausgang,التدفق النقدي الخارج,دير تساهلونغزآوزغانغ,der,,noun,,,new,0,
verzeichnen,سِجِلّ,فرتسآيشنن,,,word,,,new,0,
der Haushalt,الأسرة,دير هآوزهالت,der,,noun,,,new,0,
teuersten,الأغلى ثمناً,تأويرزتن,,,word,,,new,0,
das Produkt,المنتج,داس برودوكت,das,,noun,,,new,0,
die Firma,الشركة,دي فيرما,die,,noun,,,new,0,
billiger,أرخص,بيلليغر,,,word,,,new,0,
der Tipp,طرف,دير تيبب,der,,noun,,,new,0,
der Supermarkt,السوبر ماركت,دير زوبرماركت,der,,noun,,,new,0,
billig,رخيص,بيلليغ,,,word,,,new,0,
unten,أقل,ونتن,,,word,,,new,0,
das Regal,الرف,داس رِغال,das,,noun,,,new,0,
die Möbel,الأثاث,دي موِبل,die,,noun,,,new,0,
die Kleidung,الملابس,دي كلآيدونغ,die,,noun,,,new,0,
der Fernseher,التلفزيون,دير فرنزِهر,der,,noun,,,new,0,
der Secondhandladen,متجر السلع المستعملة,دير زِكوندهاندلادن,der,,noun,,,new,0,
das Buch,الكتاب,داس بوخ,das,,noun,,,new,0,
das Fahrrad,الدراجة,داس فاهرراد,das,,noun,,,new,0,
der Strom,الكهرباء,دير شتروم,der,,noun,,,new,0,
die Umwelt,البيئة,دي ومفلت,die,,noun,,,new,0,
ausschalten,أطفئ,آوزشالتن,,,word,,,new,0,
das Gerät,الجهاز,داس غريت,das,,noun,,,new,0,
verbrauchen,استهلك,فربرآوشن,,,word,,,new,0,
das Licht,ضوء,داس ليشت,das,,noun,,,new,0,
achten,اعتبار,اختن,,,word,,,new,0,
der Kauf,عملية الشراء,دير كآوف,der,,noun,,,new,0,
das Elektrogerät,الجهاز الكهربائي,داس لِكتروغريت,das,,noun,,,new,0,
der Energieverbrauch,استهلاك الطاقة,دير نرغيفربرآوش,der,,noun,,,new,0,
die Energieklasse,فئة الطاقة,دي نرغيكلاززه,die,,noun,,,new,0,
die Kreditkarte,بطاقة الائتمان,دي كرِديتكارته,die,,noun,,,new,0,
die Geheimzahl,الرقم السري,دي غههآيمتساهل,die,,noun,,,new,0,
der Geldautomat,الصراف الآلي,دير غلدآوتومات,der,,noun,,,new,0,
die Gebühr,الرسوم,دي غهبوهر,die,,noun,,,new,0,
die Anmeldung,التسجيل,دي انملدونغ,die,,noun,,,new,0,
das Formular,النموذج,داس فورمولار,das,,noun,,,new,0,
ausfüllen,املأ النموذج,آوزفوللن,,,word,,,new,0,
das Geburtsdatum,تاريخ الميلاد,داس غهبورتزداتوم,das,,noun,,,new,0,
der Geburtsort,مكان الميلاد,دير غهبورتزورت,der,,noun,,,new,0,
die Nationalität,الجنسية,دي ناتسيوناليتيت,die,,noun,,,new,0,
der Familienstand,الحالة الاجتماعية,دير فاميلينزتاند,der,,noun,,,new,0,
das Geschlecht,جنس,داس غهشلِشت,das,,noun,,,new,0,
die Daten,البيانات,دي داتن,die,,noun,,,new,0,
die Antwort,الجواب,دي انتفورت,die,,noun,,,new,0,
mittlerweile,في هذه الأثناء,ميتتلرفآيله,,,word,,,new,0,
im Schlaf können,النوم,إم شلاف كوننن,,,phrase,,,new,0,
die Adresse,العنوان,دي ادرِززه,die,,noun,,,new,0,
in Ordnung,من أجل,إن وردنونغ,,,phrase,,,new,0,
ein festes Einkommen,دخل ثابت,آين فِزتهز آينكوممن,,,phrase,,,new,0,
jemanden anrufen,اتصل بشخص ما,يِماندن انروفن,,,phrase,,,new,0,
damit,ومعها,داميت,,,word,,,new,0,
der Vertrag,العقد,دير فرتراغ,der,,noun,,,new,0,
der Vorgesetzte,المشرف,دير فورغهزِتسته,der,,noun,,,new,0,
Was meinen Sie damit?,ماذا تقصد بذلك؟,فاس مآينن زي داميت?,,,sentence,,,overdue,38,
der Unterschied,الفرق,دير ونترشيد,der,,noun,,,new,0,
das Basiskonto,الحساب الأساسي,داس بازيزكونتو,das,,noun,,,new,0,
das Girokonto,الحساب الجاري,داس غيروكونتو,das,,noun,,,new,0,
überziehen,زيادة,وبرتسيهن,,,word,,,new,0,
der Kredit,القرض,دير كرِديت,der,,noun,,,new,0,
die Girocard,بطاقة الخصم,دي غيروكارد,die,,noun,,,new,0,
meinen Sie,هل تقصد,مآينن زي,,,phrase,,,new,0,
Du meinst ...,تقصد ...,دو مآينزت ...,,,sentence,,,new,0,رموز أو جزء مبتور يحتاج مراجعة
Was bedeutet ...?,ماذا يعني ذلك ...؟,فاس بهدأويتهت ...?,,,phrase,,,new,0,رموز أو جزء مبتور يحتاج مراجعة
nachfragen,بسأل,ناخفراغن,,,word,,,new,0,
der Bankkaufmann,موظف البنك,دير بانككآوفمانن,der,,noun,,,new,0,
der Bankangestellte,موظف البنك,دير بانكانغهزتللته,der,,noun,,,new,0,
die Bankangestellte,موظف البنك,دي بانكانغهزتللته,die,,noun,,,new,0,
der Bankräuber,سارق البنك,دير بانكرأويبر,der,,noun,,,new,0,
der Banküberfall,سرقة البنك,دير بانكوبرفالل,der,,noun,,,new,0,
Geld einzahlen,إيداع الأموال,غلد آينتساهلن,,,phrase,,,new,0,
Geld überweisen,تحويل الأموال,غلد وبرفآيزن,,,phrase,,,new,0,
Geld abheben,سحب الأموال,غلد ابهِبن,,,phrase,,,new,0,
Er freut sich.,إنه مسرور.,إير فرأويت زيش.,,,sentence,,,new,0,
wütend,غاضب,فوتند,,,word,,,new,0,
sauer,حامِض,زآور,,,word,,,new,0,
stinksauer,حانِق,شتينكزآور,,,word,,,new,0,
erleichtert,مرتاح,رلآيشترت,,,word,,,new,0,
dankbar,ممتن,دانكبار,,,word,,,new,0,
Wirklich?,حقًا؟,فيركليش?,,,word,,,new,0,
die Bank,البنك,دي بانك,die,,noun,,,new,0,
das Konto,الحساب,داس كونتو,das,,noun,,,new,0,
das Sparkonto,حساب التوفير,داس شباركونتو,das,,noun,,,new,0,
ein Konto eröffnen,افتح حسابًا,آين كونتو روِففنن,,,phrase,,,new,0,
Ich melde mich an.,سأسجل.,إيش ملده ميش آن.,,,sentence,,,new,0,
die Meldebescheinigung,شهادة التسجيل,دي ملدِبهشآينيغونغ,die,,noun,,,new,0,
die Arbeitsbescheinigung,شهادة العمل,دي اربآيتزبهشآينيغونغ,die,,noun,,,new,0,
das Einwohnermeldeamt,مكتب تسجيل السكان,داس آينفوهنرملدِامت,das,,noun,,,new,0,
der EU-Bürger,مواطن الاتحاد الأوروبي,دير أوي-بورغر,der,,noun,,,new,0,
die EU-Bürgerin,مواطن الاتحاد الأوروبي,دي أوي-بورغرين,die,,noun,,,new,0,
der Ausländer,الأجنبي,دير آوزليندر,der,,noun,,,new,0,
die Ausländerin,الأجنبي,دي آوزليندرين,die,,noun,,,new,0,
sparen,يحفظ,شبارن,,,word,,,learning,9,
Geld ausgeben,أنفق المال,غلد آوزغهبن,,,phrase,,,new,0,
Geld zurücklegen,خصص مبلغاً من المال,غلد تسوروكلِغن,,,phrase,,,new,0,
Er kann sich ein Motorrad leisten.,بإمكانه شراء دراجة نارية.,إير كانن زيش آين موتورراد لآيزتن.,,,sentence,,,new,0,
der Geldschein,الورقة النقدية,دير غلدشآين,der,,noun,,,new,0,
die Münze,العملة,دي مونتسه,die,,noun,,,new,0,
geizig,بخيل,غآيتسيغ,,,word,,,new,0,
die Lebensmittel,الطعام,دي لِبنزميتتل,die,,noun,,,new,0,
die To-do-Liste,قائمة المهام,دي تو-دو-ليزته,die,,noun,,,new,0,
als,مثل,الز,,,word,,,new,0,
der Sohn,الابن,دير زوهن,der,,noun,,,new,0,
die Söhne,الأبناء,دي زوِهنه,die,,noun,,,new,0,
die Tochter,الابنة,دي توختر,die,,noun,,,new,0,
die Töchter,البنات,دي توِشتر,die,,noun,,,new,0,
die Frau,المرأة,دي فرآو,die,,noun,,,new,0,
die Frauen,النساء,دي فرآون,die,,noun,,,new,0,
die Freundin,الصديقة,دي فرأويندين,die,,noun,,,new,0,
die Freundinnen,الأصدقاء,دي فرأوينديننن,die,,noun,,,new,0,
die Großmutter,الجدة,دي غروسموتتر,die,,noun,,,new,0,
die Großmütter,الجدات,دي غروسموتتر,die,,noun,,,new,0,
die Geschwister,الأشقاء,دي غهشفيزتر,die,,noun,,,new,0,
die Schwester,الأخت,دي شفِزتر,die,,noun,,,new,0,
ledig,أعزب,لِديغ,,,word,,,new,0,
verheiratet,متزوج,فرهآيراتهت,,,word,,,new,0,
geschieden,مُطلّق,غهشيدن,,,word,,,new,0,
der Enkel,الحفيد,دير نكل,der,,noun,,,new,0,
mit,مع,ميت,,,word,,,new,0,
bei,في,باي,,,word,,,new,0,
zur,ل,تسور,,,word,,,new,0,
fern,بعيد,فرن,,,word,,,new,0,
also,لذا,الزو,,,word,,,new,0,
noch,ما زال,نوخ,,,word,,,new,0,
nur,فقط,نور,,,word,,,new,0,
schon,بالفعل,شون,,,word,,,new,0,
erst,أولاً,رزت,,,word,,,new,0,
wieder,مرة أخرى,فيدر,,,word,,,new,0,
wiederum,مرة أخرى,فيدروم,,,word,,,new,0,
eben,حتى,ِبن,,,word,,,new,0,
mal,فقط,مال,,,word,,,new,0,
denn,لأن,دين,,,word,,,new,0,
ja,نعم,يا,,,word,,,new,0,
halt,قف,هالت,,,word,,,new,0,
wohl,من المحتمل,فوهل,,,word,,,new,0,
eigentlich,في الحقيقة,آيغنتليش,,,word,,,new,0,
leider,للأسف,لآيدر,,,word,,,new,0,
fast,بالكاد,فازت,,,word,,,new,0,
ziemlich,تمامًا,تسيمليش,,,word,,,new,0,
besonders,خصوصًا,بهزوندرز,,,word,,,new,0,
mehr,أكثر,مير,,,word,,,new,0,
weniger,عدد أقل,فنيغر,,,word,,,new,0,
noch nicht,ليس بعد,نوخ نيشت,,,phrase,,,weak,47,
nicht mehr,لم يعد,نيشت مير,,,phrase,,,new,0,
schon wieder,مرة أخرى,شون فيدر,,,phrase,,,new,0,
immer noch,ما زال,يممر نوخ,,,phrase,,,new,0,
dann,ثم,دانن,,,word,,,new,0,
danach,بعد ذلك,داناخ,,,word,,,new,0,
darum,لذلك,داروم,,,word,,,new,0,
aber,لكن,آبر,,,word,,,new,0,
wenn,لو,فنن,,,word,,,new,0,
das Smartphone,الهاتف الذكي,داس زمارتفونه,das,,noun,,,new,0,
das Handy,الهاتف,داس هاندي,das,,noun,,,new,0,
der Anrufbeantworter,جهاز الرد الآلي,دير انروفبهانتفورتر,der,,noun,,,new,0,
die Durchwahl,الامتداد,دي دورشفاهل,die,,noun,,,new,0,
das Gespräch,المحادثة,داس غهزبريش,das,,noun,,,new,0,
die Familiengeschichte,تاريخ العائلة,دي فاميلينغهشيشته,die,,noun,,,new,0,
klingeln,جرس,كلينغلن,,,word,,,new,0,
Meine Mutter macht sich Sorgen,أمي قلقة.,مآينه موتتر ماخت زيش زورغن,,,sentence,,,new,0,
mit dem Vater telefonieren,تحدث إلى والدك عبر الهاتف,ميت دِم فاتر تلِفونيرن,,,sentence,,,learning,9,
beim Sprachkurs,خلال دورة اللغة,بآيم شبراخكورز,,,phrase,,,new,0,
zum hundertsten Mal,للمرة المئة,تسوم هوندرتزتن مال,,,phrase,,,new,0,
Meine Eltern hören mir nie zu,والداي لا يستمعان إليّ أبداً.,مآينه لترن هورن مير ني تسو,,,sentence,,,new,0,
es ist ihnen egal,لا يكترثون,إس يزت يهنن ِغال,,,sentence,,,new,0,
streng,بشكل صارم,شترنغ,,,word,,,new,0,
abhauen,اهرب,ابهآون,,,word,,,new,0,
außerdem,بصرف النظر عن ذلك,آوسردِم,,,word,,,new,0,
erwachsen,بالغ,رفاخزن,,,word,,,new,0,
schieben,يدفع,شيبن,,,word,,,new,0,
der Single,الأغنية المنفردة,دير زينغله,der,,noun,,,new,0,
mit dem Sohn spielen,اللعب مع ابني,ميت دِم زوهن شبيلن,,,sentence,,,new,0,
ab,بعيد,اب,,,word,,,new,0,
ab (+ D.),من (+ د.),اب (+ د.),,,phrase,,,new,0,
abends,في المساء,ابندز,,,word,,,new,0,
abfahren,مغادرة,ابفاهرن,,,word,,,new,0,
abgeben,تسليم,ابغهبن,,,word,,,new,0,
abheben,ارفع,ابهِبن,,,word,,,new,0,
abholen,يلتقط,ابهولن,,,word,,,new,0,
ablehnen,رفض,ابلِهنن,,,word,,,new,0,
absagen,يلغي,ابزاغن,,,word,,,new,0,
abschließen,مكتمل,ابشليسن,,,word,,,new,0,
abwechseln,البديل,ابفِشزلن,,,word,,,new,0,
abwechselnd,بالتناوب,ابفِشزلند,,,word,,,new,0,
acht,ثمانية,اخت,,,word,,,new,0,
Achtung,خطر,اختونغ,,,word,,,new,0,
achtzehn,ثمانية عشر,اختسِهن,,,word,,,new,0,
achtzig,ثمانون,اختسيغ,,,word,,,new,0,
aktiv,نشيط,اكتيف,,,word,,,new,0,
aktuell,حاضِر,اكتولل,,,word,,,new,0,
Algerien,الجزائر,الغرين,,,word,,,new,0,
alle,الجميع,الله,,,word,,,new,0,
allein,وحيد,اللآين,,,word,,,new,0,
alles,كل شئ,اللِز,,,word,,,new,0,
alles Gute,أتمنى لك كل خير,اللِز غوته,,,phrase,,,new,0,
alphabetische VVortliste erleben,تجربة قائمة أبجدية,الفابهتيشه ففورتليزته رلِبن,,,phrase,,,new,0,
also gut,حسناً إذاً,الزو غوت,,,phrase,,,new,0,
alt,قديم,الت,,,word,,,new,0,
am,في,آم,,,word,,,new,0,
an sein,له,آن زآين,,,phrase,,,new,0,
an (+ A.),an (+ A.),آن (+ ا.),,,phrase,,,new,0,
an (+ D.),an (+ D.),آن (+ د.),,,phrase,,,new,0,
anbieten,يعرض,انبيتن,,,word,,,new,0,
andere,آخر,اندره,,,word,,,new,0,
anders,مختلف,اندرز,,,word,,,new,0,
anfangen,يبدأ,انفانغن,,,word,,,new,0,
anklicken,انقر,انكليكن,,,word,,,new,0,
ankreuzen,علامة صح,انكرأويتسن,,,word,,,new,0,
anmachen,قم بتشغيل,انماخن,,,word,,,new,0,
anmelden,يسجل,انملدن,,,word,,,new,0,
annehmen,يفترض,اننِهمن,,,word,,,new,0,
anprobieren,جربها,انبروبيرن,,,word,,,new,0,
ansehen,منظر,انزِهن,,,word,,,new,0,
antworten,إجابة,انتفورتن,,,word,,,new,0,
anziehen,وضعت على,انتسيهن,,,word,,,new,0,
Arabisch,عربي,ارابيش,,,word,,,new,0,
arbeiten,عمل,اربآيتن,,,word,,,new,0,
arbeitslos,غير موظف,اربآيتزلوز,,,word,,,new,0,
Argentinien,الأرجنتين,ارغنتينين,,,word,,,new,0,
argentinisch,أرجنتيني,ارغنتينيش,,,word,,,new,0,
asiatisch,آسيوي,ازياتيش,,,word,,,new,0,
attraktiv,جذاب,اتتراكتيف,,,word,,,new,0,
auf,على,آوف,,,word,,,new,0,
auf jeden Fall,على أي حال,آوف يِدن فالل,,,phrase,,,new,0,
auf sein,أن يكون مستيقظًا,آوف زآين,,,phrase,,,new,0,
auf Wiederhören,مع السلامة,آوف فيدرهورن,,,phrase,,,new,0,
auf Wiedersehen,مع السلامة,آوف فيدرزِهن,,,phrase,,,new,0,
auf (+ A.),على (+ أ.),آوف (+ ا.),,,phrase,,,new,0,
auf (+ D.),على (+ د.),آوف (+ د.),,,phrase,,,new,0,
aufgeregt,منزعج,آوفغرِغت,,,word,,,new,0,
aufhängen,شنقاً,آوفهينغن,,,word,,,new,0,
aufhören,قف,آوفهورن,,,word,,,new,0,
aufmachen,افتح,آوفماخن,,,word,,,new,0,
aufpassen,احذر,آوفباززن,,,word,,,new,0,
aufregend,مثير,آوفرِغند,,,word,,,new,0,
aufräumen,تنظيف,آوفرأويمن,,,word,,,new,0,
aufschreiben,اكتب,آوفشرآيبن,,,word,,,new,0,
aufstehen,الوقوف,آوفزتههن,,,word,,,new,0,
aufstellen,يثبت,آوفزتللن,,,word,,,new,0,
aus sein,انزل,آوس زآين,,,phrase,,,new,0,
aus (+ D.),من (+ د.),آوس (+ د.),,,phrase,,,new,0,
ausdrucken,مطبعة,آوزدروكن,,,word,,,new,0,
ausdrücken,للتعبير,آوزدروكن,,,word,,,new,0,
ausgeben,ينفق,آوزغهبن,,,word,,,new,0,
ausgehen,الخروج,آوزغههن,,,word,,,new,0,
ausmachen,أطفئ,آوزماخن,,,word,,,new,0,
ausprobieren,يحاول,آوزبروبيرن,,,word,,,new,0,
ausrichten,محاذاة,آوزريشتن,,,word,,,new,0,
ausruhen,يستريح,آوزروهن,,,word,,,new,0,
ausschlafen,استمتع بالنوم حتى وقت متأخر,آوزشلافن,,,word,,,new,0,
aussehen,ينظر,آوززِهن,,,word,,,new,0,
aussprechen,يعبر,آوززبرِشن,,,word,,,new,0,
aussteigen,مخرج,آوززتآيغن,,,word,,,new,0,
austauschen,تبادل,آوزتآوشن,,,word,,,new,0,
auswendig,عن طريق التلقين,آوزفنديغ,,,word,,,new,0,
auswählen,يختار,آوزفيهلن,,,word,,,new,0,
ausziehen,اخلع ملابسك,آوزتسيهن,,,word,,,new,0,
außer Haus,خارج المنزل,آوسر هآوز,,,phrase,,,new,0,
außerhalb,الخارج,آوسرهالب,,,word,,,new,0,
baden,استحم,بادن,,,word,,,new,0,
bald,قريباً,بالد,,,word,,,new,0,
Basketball,كرة السلة,بازكهتبالل,,,word,,,new,0,
beantragen,التقديم لـ,بهانتراغن,,,word,,,new,0,
beantworten,إجابة,بهانتفورتن,,,word,,,new,0,
bedanken,شكرًا لك,بهدانكن,,,word,,,new,0,
bedeuten,يقصد,بهدأويتن,,,word,,,new,0,
bedienen,يخدم,بهدينن,,,word,,,new,0,
beeilen,أسرع,بهآيلن,,,word,,,new,0,
beenden,ينهي,بهندن,,,word,,,new,0,
befristet,مؤقت,بهفريزتهت,,,word,,,new,0,
beginnen,يبدأ,بهغيننن,,,word,,,new,0,
begründen,يبرر,بهغروندن,,,word,,,new,0,
bei (+ D.),في (+ د.),باي (+ د.),,,phrase,,,new,0,
beide,كلاهما,بآيده,,,word,,,new,0,
bekannt,معروف,بهكاننت,,,word,,,new,0,
beliebt,شائع,بليبت,,,word,,,new,0,
benutzen,يستخدم,بنوتسن,,,word,,,new,0,
bequem,مريح,بهكفِم,,,word,,,new,0,
beraten,ينصح,براتن,,,word,,,new,0,
bereitllegen,يحضر,برآيتللِغن,,,word,,,new,0,
bereuen,يندم,برأوين,,,word,,,new,0,
berichten,تقرير,بريشتن,,,word,,,new,0,
beruflich,مهنيا,بروفليش,,,word,,,new,0,
beruhigen,هادئ,بروهيغن,,,word,,,new,0,
berühmt,مشهور,بروهمت,,,word,,,new,0,
beschreiben,يصف,بهشرآيبن,,,word,,,new,0,
beschützen,يحمي,بهشوتسن,,,word,,,new,0,
besetzt,مشغول,بهزِتست,,,word,,,new,0,
besichtigen,منظر,بهزيشتيغن,,,word,,,new,0,
besondere,خاص,بهزوندره,,,word,,,new,0,
besser,أحسن,بهززر,,,word,,,new,0,
bestehen,يتكون,بهزتههن,,,word,,,new,0,
bestellen,طلب,بهزتللن,,,word,,,new,0,
besuchen,يزور,بهزوخن,,,word,,,new,0,
betonen,يؤكد,بهتونن,,,word,,,new,0,
betont,يؤكد,بهتونت,,,word,,,new,0,
betreuen,انظر بعد,بهترأوين,,,word,,,new,0,
bewegen,يتحرك,بهفِغن,,,word,,,new,0,
bewerben,يتقدم,بهفربن,,,word,,,new,0,
bewundern,يُعجَب ب,بهفوندرن,,,word,,,new,0,
bewölkt,غائم,بهفولكت,,,word,,,new,0,
bilden,استمارة,بيلدن,,,word,,,new,0,
Biologie,علم الأحياء,بيولوغي,,,word,,,new,0,
bis bald,أراك قريباً,بيز بالد,,,phrase,,,new,0,
bis dann,أراك حينها,بيز دانن,,,phrase,,,new,0,
bis später,أراك لاحقًا,بيز شبيتر,,,phrase,,,new,0,
bis zu,حتى,بيز تسو,,,phrase,,,new,0,
bis (+ D.),حتى (+ د.),بيز (+ د.),,,phrase,,,new,0,
bitte,لو سمحت,بيته,,,word,,,new,0,
bitten,بسأل,بيتتن,,,word,,,new,0,
bitter,مر,بيتتر,,,word,,,new,0,
blau,أزرق,بلآو,,,word,,,new,0,
bloggen,مدونة,بلوغغن,,,word,,,new,0,
blöd,غبي,بلوِد,,,word,,,new,0,
Brasilien,البرازيل,برازيلين,,,word,,,new,0,
brauchen /i/3b braun,أحتاج إلى اللون البني /i/3b,برآوشن /ي/3ب برآون,,,phrase,,,new,0,يبدو أنه يحتوي على مرجع تمرين
breit,واسع,برآيت,,,word,,,new,0,
bringen,يحضر,برينغن,,,word,,,new,0,
buchstabieren,يتهجى,بوخزتابيرن,,,word,,,new,0,
Bulgarisch,البلغارية,بولغاريش,,,word,,,new,0,
bunt,ألوان زاهية,بونت,,,word,,,new,0,
böse,شر,بوِزه,,,word,,,new,0,
chatten,محادثة,شاتتن,,,word,,,new,0,
checken,يفحص,شِكن,,,word,,,new,0,
Chemie,كيمياء,شِمي,,,word,,,new,0,
chillen,برد,شيللن,,,word,,,new,0,
ciao,مع السلامة,كياو,,,word,,,new,0,
circa,تقريبًا,كيركا,,,word,,,new,0,
Co,شركة,كو,,,word,,,new,0,
cool,رائع,كوول,,,word,,,new,0,
da,هناك,دا,,,word,,,new,0,
da vorne,أمامك,دا فورنه,,,phrase,,,new,0,
dabei sein,أن أكون هناك,دابآي زآين,,,phrase,,,new,0,
dafür,لذلك,دافور,,,word,,,new,0,
daneben,بجانب,دانِبن,,,word,,,new,0,
danke,شكرًا,دانكه,,,word,,,new,0,
danke schön,شكراً جزيلاً,دانكه شون,,,phrase,,,new,0,
danken,شكر,دانكن,,,word,,,new,0,
darauf,عليه,دارآوف,,,word,,,new,0,
das,ال,داس,,,word,,,new,0,
das Abend-Programm,البرنامج المسائي,داس ابند-بروغرامم,das,,noun,,,new,0,
das Abendessen,العشاء,داس ابندِززن,das,,noun,,,new,0,
das Abitur,شهادة الثانوية العامة,داس ابيتور,das,,noun,,,new,0,
das Adjektiv,الصفة,داس اديِكتيف,das,,noun,,,new,0,
das Album,الألبوم,داس البوم,das,,noun,,,new,0,
das Alphabet,الأبجدية,داس الفابهت,das,,noun,,,new,0,
das Alter,العصر,داس التر,das,,noun,,,new,0,
das Amt,المكتب,داس امت,das,,noun,,,new,0,
das Angebot,العرض,داس انغهبوت,das,,noun,,,new,0,
das Apartment,الشقة,داس ابارتمنت,das,,noun,,,new,0,
das Arbeitsleben,الحياة العملية,داس اربآيتزلِبن,das,,noun,,,new,0,
das Arbeitszimmer,الدراسة,داس اربآيتزتسيممر,das,,noun,,,new,0,
das Artikelbild,صورة المقال,داس ارتيكلبيلد,das,,noun,,,new,0,
das Artikelwort,كلمة المقال,داس ارتيكلفورت,das,,noun,,,new,0,
das Atelier,الاستوديو,داس اتلير,das,,noun,,,new,0,
das Auge,العين,داس آوغه,das,,noun,,,new,0,
das Ausland,الدولة الأجنبية,داس آوزلاند,das,,noun,,,new,0,
das Auto,السيارة,داس آوتو,das,,noun,,,new,0,
das Baby,الطفل,داس بابي,das,,noun,,,new,0,
das Bad,الحمام,داس باد,das,,noun,,,new,0,
das Band,الفرقة,داس باند,das,,noun,,,new,0,
das Bedauern,الندم,داس بهدآورن,das,,noun,,,new,0,
das Befinden,الرفاهية,داس بهفيندن,das,,noun,,,new,0,
das Bein,الساق,داس بآين,das,,noun,,,new,0,
das Beisl,الحانة,داس بآيزل,das,,noun,,,new,0,
das Beispiel,المثال,داس بآيزبيل,das,,noun,,,new,0,
das Berufsleben,الحياة المهنية,داس بروفزلِبن,das,,noun,,,new,0,
das Bett,السرير,داس بهتت,das,,noun,,,new,0,
das Bier,البيرة,داس بير,das,,noun,,,new,0,
das Bild,الصورة,داس بيلد,das,,noun,,,new,0,
das Blatt,الورقة,داس بلاتت,das,,noun,,,new,0,
das Blut,الدم,داس بلوت,das,,noun,,,new,0,
das Brautkleid,فستان الزفاف,داس برآوتكلآيد,das,,noun,,,new,0,
das Brautpaar,العروس والعريس,داس برآوتباار,das,,noun,,,new,0,
das Brot,الخبز,داس بروت,das,,noun,,,new,0,
das Brötchen,كعكة الخبز,داس بروِتشن,das,,noun,,,new,0,
das Bundesland,الدولة الفيدرالية,داس بوندِزلاند,das,,noun,,,new,0,
das Butterbrot,الخبز المدهون بالزبدة,داس بوتتربروت,das,,noun,,,new,0,
das Büro,المكتب,داس بورو,das,,noun,,,new,0,
das Cafe,المقهى,داس كافه,das,,noun,,,new,0,
das Computerproblem,مشكلة الكمبيوتر,داس كومبوتربروبلِم,das,,noun,,,new,0,
das Datum,التاريخ,داس داتوم,das,,noun,,,new,0,
das Design,التصميم,داس دِزيغن,das,,noun,,,new,0,
das Dessert,الحلوى,داس دِززرت,das,,noun,,,new,0,
das Detail,التفاصيل,داس دِتآيل,das,,noun,,,new,0,
das Deutschbuch,الكتاب المدرسي الألماني,داس دأويتشبوخ,das,,noun,,,new,0,
das Deutsche,الألماني,داس دأويتشه,das,,noun,,,new,0,
das Ding,الشيء,داس دينغ,das,,noun,,,new,0,
das Dings,الشيء,داس دينغز,das,,noun,,,new,0,
das Dokument,الوثيقة,داس دوكومنت,das,,noun,,,new,0,
das Doppelzimmer,الغرفة المزدوجة,داس دوببلتسيممر,das,,noun,,,new,0,
das Dorf,القرية,داس دورف,das,,noun,,,new,0,
das Double Feature,العرض المزدوج,داس دووبله فِاتوره,das,,phrase,,,new,0,
das Drama,الدراما,داس دراما,das,,noun,,,new,0,
das Duschgel,جل الاستحمام,داس دوشغل,das,,noun,,,new,0,
das E-Book,الكتاب الإلكتروني,داس ه-بووك,das,,noun,,,new,0,
das Ei,البيضة,داس آي,das,,noun,,,new,0,
das Einzelzimmer,الغرفة الفردية,داس آينتسلتسيممر,das,,noun,,,new,0,
das Eis,الجليد,داس آيز,das,,noun,,,new,0,
das Ende,النهاية,داس نده,das,,noun,,,new,0,
das Englisch-Studium,دراسات اللغة الإنجليزية,داس نغليش-شتوديوم,das,,noun,,,new,0,
das Erdgeschoss,الطابق الأرضي,داس ردغهشوزز,das,,noun,,,new,0,
das Ereignis,الحدث,داس رآيغنيز,das,,noun,,,new,0,
das Ergebnis,النتيجة,داس رغهبنيز,das,,noun,,,new,0,
das Essen,الطعام,داس ِززن,das,,noun,,,new,0,
das Event,الحدث,داس ِفنت,das,,noun,,,new,0,
das Experiment,التجربة,داس ِكسبريمنت,das,,noun,,,new,0,
das Fach,الموضوع,داس فاخ,das,,noun,,,new,0,
das Fachwerkhaus,المنزل ذو الإطار الخشبي,داس فاخفركهآوز,das,,noun,,,new,0,
das Familienfoto,صورة العائلة,داس فاميلينفوتو,das,,noun,,,new,0,
das Fenster,النافذة,داس فنزتر,das,,noun,,,new,0,
das Fernsehen,التلفزيون,داس فرنزِهن,das,,noun,,,new,0,
das Fest,الحزب,داس فِزت,das,,noun,,,new,0,
das Festival,المهرجان,داس فِزتيفال,das,,noun,,,new,0,
das Festspiel,المهرجان,داس فِزتزبيل,das,,noun,,,new,0,
das Fett,الدهون,داس فِتت,das,,noun,,,new,0,
das Feuerwerk,الألعاب النارية,داس فأويرفرك,das,,noun,,,new,0,
das Fieber,الحمى,داس فيبر,das,,noun,,,new,0,
das Fischgericht,طبق السمك,داس فيشغريشت,das,,noun,,,new,0,
das Fitness-Studio,صالة الألعاب الرياضية,داس فيتنِزز-شتوديو,das,,noun,,,new,0,
das Fitnessgerät,معدات اللياقة البدنية,داس فيتنِززغريت,das,,noun,,,new,0,
das Fleisch,اللحم,داس فلآيش,das,,noun,,,new,0,
das Flugzeug,الطائرة,داس فلوغتسأويغ,das,,noun,,,new,0,
das Foto,الصورة,داس فوتو,das,,noun,,,new,0,
das Fotozubehör,ملحقات التصوير,داس فوتوتسوبههور,das,,noun,,,new,0,
das Fragewort,كلمة الاستفهام,داس فراغهفورت,das,,noun,,,new,0,
das Frühjahr,ربيع,داس فروهياهر,das,,noun,,,new,0,
das Frühstück,إفطار,داس فروهزتوك,das,,noun,,,new,0,
das Fußballspiel,مباراة كرة القدم,داس فوسباللزبيل,das,,noun,,,new,0,
das Gadget,الأداة,داس غادغهت,das,,noun,,,new,0,
das Gebot,الوصية,داس غهبوت,das,,noun,,,new,0,
das Gebäck,المعجنات,داس غهبيك,das,,noun,,,new,0,
das Gebäude,المبنى,داس غهبأويده,das,,noun,,,new,0,
das Gefühl,الشعور,داس غهفوهل,das,,noun,,,new,0,
das Gegenteil,بل على العكس من ذلك,داس غهغنتآيل,das,,noun,,,new,0,
das Gehalt,الراتب,داس غههالت,das,,noun,,,new,0,
das Gemüse,الخضار,داس غهموزه,das,,noun,,,new,0,
das Gepäck,الأمتعة,داس غهبيك,das,,noun,,,new,0,
das Gericht,المحكمة,داس غريشت,das,,noun,,,new,0,
das Geschenk,الهدية,داس غهشنك,das,,noun,,,new,0,
das Geschirr,الأطباق,داس غهشيرر,das,,noun,,,new,0,
das Geschäft,العمل,داس غهشيفت,das,,noun,,,new,0,
das Gesicht,الوجه,داس غهزيشت,das,,noun,,,new,0,
das Gesprächsthema,موضوع المحادثة,داس غهزبريشزتهما,das,,noun,,,new,0,
das Getränk,المشروب,داس غهترينك,das,,noun,,,new,0,
das Gewicht,الوزن,داس غهفيشت,das,,noun,,,new,0,
das Glas,الزجاج,داس غلاز,das,,noun,,,new,0,
das Gleis,المسار,داس غلآيز,das,,noun,,,new,0,
das Gramm,الغرام,داس غرامم,das,,noun,,,new,0,
das Grundeinkommen,الدخل الأساسي,داس غروندآينكوممن,das,,noun,,,new,0,
das Gymnasium,المدرسة الثانوية,داس غيمنازيوم,das,,noun,,,new,0,
das Gästebuch,دفتر الزوار,داس غيزتهبوخ,das,,noun,,,new,0,
das Haar,الشعر,داس هاار,das,,noun,,,new,0,
das Handtuch,المنشفة,داس هاندتوخ,das,,noun,,,new,0,
das Handwerk,الحرفة,داس هاندفرك,das,,noun,,,new,0,
das Hauptthema,الموضوع الرئيسي,داس هآوبتتهما,das,,noun,,,new,0,
das Haus,المنزل,داس هآوز,das,,noun,,,new,0,
das Hausmittel,العلاج المنزلي,داس هآوزميتتل,das,,noun,,,new,0,
das Heft,الكتيب,داس هِفت,das,,noun,,,new,0,
das Hemd,القميص,داس هِمد,das,,noun,,,new,0,
das Herzzentrum,مركز القلب,داس هرتستسنتروم,das,,noun,,,new,0,
das Hobby,الهواية,داس هوببي,das,,noun,,,new,0,
das Hochhaus,ناطحة السحاب,داس هوخهآوز,das,,noun,,,new,0,
das Holz,الخشب,داس هولتس,das,,noun,,,new,0,
das Hotel,الفندق,داس هوتل,das,,noun,,,new,0,
das Hähnchen,الدجاج,داس هيهنشن,das,,noun,,,new,0,
das Internet,الإنترنت,داس ينترنِت,das,,noun,,,new,0,
das Interview,المقابلة,داس ينترفيف,das,,noun,,,new,0,
das Jahr,السنة,داس ياهر,das,,noun,,,new,0,
das Jahrestreffen,الاجتماع السنوي,داس ياهرِزترِففن,das,,noun,,,new,0,
das Jahrhundert,القرن,داس ياهرهوندرت,das,,noun,,,new,0,
das Job-Portal,بوابة التوظيف,داس يوب-بورتال,das,,noun,,,new,0,
das Kabel,الكابل,داس كابل,das,,noun,,,new,0,
das Kaffeehaus,المقهى,داس كاففِِهآوز,das,,noun,,,new,0,
das Kapitel,الفصل,داس كابيتل,das,,noun,,,new,0,
das Karussell,الملاهي الدوارة,داس كاروززلل,das,,noun,,,new,0,
das Kaufhaus,المتجر متعدد الأقسام,داس كآوفهآوز,das,,noun,,,new,0,
das Kilo,الكيلو,داس كيلو,das,,noun,,,new,0,
das Kilogramm,الكيلوغرام,داس كيلوغرامم,das,,noun,,,new,0,
das Kinderzimmer,غرفة الأطفال,داس كيندرتسيممر,das,,noun,,,new,0,
das Kino,السينما,داس كينو,das,,noun,,,new,0,
das Klassenzimmer,الفصل الدراسي,داس كلاززنتسيممر,das,,noun,,,new,0,
das Kleid,الفستان,داس كلآيد,das,,noun,,,new,0,
das Kleidergeschäft,متجر الملابس,داس كلآيدرغهشيفت,das,,noun,,,new,0,
das Knie,الركبة,داس كني,das,,noun,,,new,0,
das Kofferpacken,تعبئة الحقيبة,داس كوففرباكن,das,,noun,,,new,0,
das Kompositum,المركب,داس كومبوزيتوم,das,,noun,,,new,0,
das Konzert,الحفل,داس كونتسرت,das,,noun,,,new,0,
das Konzerthaus,قاعة الحفلات الموسيقية,داس كونتسرتآوز,das,,noun,,,new,0,
das Krankenhaus,المستشفى,داس كرانكنهآوز,das,,noun,,,new,0,
das Kulturfestival,المهرجان الثقافي,داس كولتورفِزتيفال,das,,noun,,,new,0,
das Kunstmuseum,متحف الفنون,داس كونزتموزأويم,das,,noun,,,new,0,
das Kursplakat,ملصق الدورة,داس كورزبلاكات,das,,noun,,,new,0,
das Käsebrot,خبز الجبن,داس كيزِبروت,das,,noun,,,new,0,
das Label,العلامة,داس لابل,das,,noun,,,new,0,
das Labor,المختبر,داس لابور,das,,noun,,,new,0,
das Land,البلد,داس لاند,das,,noun,,,new,0,
das Leben,الحياة,داس لِبن,das,,noun,,,new,0,
das Lebensmittel,الطعام,داس لِبنزميتتل,das,,noun,,,new,0,
das Lieblingszimmer,الغرفة المفضلة,داس ليبلينغزتسيممر,das,,noun,,,new,0,
das Lied,الأغنية,داس ليد,das,,noun,,,new,0,
das Loft,العلية,داس لوفت,das,,noun,,,new,0,
das Lokal,المطعم,داس لوكال,das,,noun,,,new,0,
das Mal,الوقت,داس مال,das,,noun,,,new,0,
das Maß,الإجراء,داس ماس,das,,noun,,,new,0,
das Medikament,الدواء,داس مِديكامنت,das,,noun,,,new,0,
das Meer,البحر,داس مِر,das,,noun,,,new,0,
das Messer,السكين,داس مِززر,das,,noun,,,new,0,
das Missfallen,الاستياء,داس ميززفاللن,das,,noun,,,new,0,
das Mistwetter,الطقس السيئ,داس ميزتفِتتر,das,,noun,,,new,0,
das Mitglied,العضو,داس ميتغليد,das,,noun,,,new,0,
das Mittagessen,الغداء,داس ميتتاغهززن,das,,noun,,,new,0,
das Modalverb,الفعل الناقص,داس مودالفرب,das,,noun,,,new,0,
das Modell,النموذج,داس مودلل,das,,noun,,,new,0,
das Motorrad,الدراجة النارية,داس موتورراد,das,,noun,,,new,0,
das Museum,المتحف,داس موزأويم,das,,noun,,,new,0,
das Mädchen,الفتاة,داس ميدشن,das,,noun,,,new,0,
das Müsli,الموسلي,داس موزلي,das,,noun,,,new,0,
das Netz,الشبكة,داس نِتس,das,,noun,,,new,0,
das Nomen,الاسم,داس نومن,das,,noun,,,new,0,
das Obst,الفاكهة,داس وبزت,das,,noun,,,new,0,
das Ohr,الأذن,داس وهر,das,,noun,,,new,0,
das Open-Air-Kino,السينما في الهواء الطلق,داس وبن-آير-كينو,das,,noun,,,new,0,
das Orchester,الأوركسترا,داس ورشِزتر,das,,noun,,,new,0,
das Paar,الزوجان,داس باار,das,,noun,,,new,0,
das Paket,الحزمة,داس باكهت,das,,noun,,,new,0,
das Papier,الورقة,داس بابير,das,,noun,,,new,0,
das Parfüm,العطر,داس بارفوم,das,,noun,,,new,0,
das Parlament,البرلمان,داس بارلامنت,das,,noun,,,new,0,
das Partizip,اسم الفاعل,داس بارتيتسيب,das,,noun,,,new,0,
das Passwort,كلمة المرور,داس باززفورت,das,,noun,,,new,0,
das Pech,سوء الحظ,داس بهش,das,,noun,,,new,0,
das Perfekt,الزمن المثالي,داس برفِكت,das,,noun,,,new,0,
das Personalpronomen,الضمير الشخصي,داس برزونالبرونومن,das,,noun,,,new,0,
das Pferd,الحصان,داس بفرد,das,,noun,,,new,0,
das Pflaster,الرصيف,داس بفلازتر,das,,noun,,,new,0,
das Picknick,النزهة,داس بيكنيك,das,,noun,,,new,0,
das Plakat,الملصق,داس بلاكات,das,,noun,,,new,0,
das Plastik,البلاستيك,داس بلازتيك,das,,noun,,,new,0,
das Profil,الملف الشخصي,داس بروفيل,das,,noun,,,new,0,
das Programm,البرنامج,داس بروغرامم,das,,noun,,,new,0,
das Projekt,المشروع,داس برويِكت,das,,noun,,,new,0,
das Pronomen,الضمير,داس برونومن,das,,noun,,,new,0,
das Präfix,البادئة,داس بريفيكس,das,,noun,,,new,0,
das Präsens,المضارع,داس بريزنز,das,,noun,,,new,0,
das Präteritum,الماضي,داس بريتريتوم,das,,noun,,,new,0,
das Publikum,الجمهور,داس بوبليكوم,das,,noun,,,new,0,
das Radio,الراديو,داس راديو,das,,noun,,,new,0,
das Ratebild,صورة التخمين,داس راتهبيلد,das,,noun,,,new,0,
das Rathaus,قاعة المدينة,داس راتآوز,das,,noun,,,new,0,
das Redemittel,العبارة,داس رِدِميتتل,das,,noun,,,new,0,
das Reflexivpronomen,الضمير الانعكاسي,داس رِفلِكسيفبرونومن,das,,noun,,,new,0,
das Reihenhaus,المنزل المتدرج,داس رآيهنهآوز,das,,noun,,,new,0,
das Reisebüro,وكالة السفر,داس رآيزِبورو,das,,noun,,,new,0,
das Reiseziel,الوجهة,داس رآيزِتسيل,das,,noun,,,new,0,
das Requiem,القداس الجنائزي,داس رِكفيم,das,,noun,,,new,0,
das Restaurant,المطعم,داس رِزتآورانت,das,,noun,,,new,0,
das Rezept,الوصفة,داس رِتسِبت,das,,noun,,,new,0,
das Risiko,المخاطر,داس ريزيكو,das,,noun,,,new,0,
das Salz,الملح,داس زالتس,das,,noun,,,new,0,
das Satzende,نهاية الجملة,داس زاتسنده,das,,noun,,,new,0,
das Saxofon,الساكسفون,داس زاكسوفون,das,,noun,,,new,0,
das Schicksal,قدر,داس شيكزال,das,,noun,,,new,0,
das Schiff,السفينة,داس شيفف,das,,noun,,,new,0,
das Schild,الدرع,داس شيلد,das,,noun,,,new,0,
das Schlafzimmer,غرفة النوم,داس شلافتسيممر,das,,noun,,,new,0,
das Schlüsselwort,الكلمة المفتاحية,داس شلوززلفورت,das,,noun,,,new,0,
das Schnitzel,شنيتزل,داس شنيتسل,das,,noun,,,new,0,
das Schulfach,المادة الدراسية,داس شولفاخ,das,,noun,,,new,0,
das Schulsystem,النظام المدرسي,داس شولزيزتهم,das,,noun,,,new,0,
das Schwimmbad,حمام السباحة,داس شفيممباد,das,,noun,,,new,0,
das Semester,الفصل الدراسي,داس زِمِزتر,das,,noun,,,new,0,
das Seminar,الندوة,داس زِمينار,das,,noun,,,new,0,
das Shooting,إطلاق النار,داس زهووتينغ,das,,noun,,,new,0,
das Skifahren,التزحلق,داس زكيفاهرن,das,,noun,,,new,0,
das Sofa,الأريكة,داس زوفا,das,,noun,,,new,0,
das Sommerfest,مهرجان الصيف,داس زوممرفِزت,das,,noun,,,new,0,
das Souvenir,الهدية التذكارية,داس زووفنير,das,,noun,,,new,0,
das Spiel,اللعبة,داس شبيل,das,,noun,,,new,0,
das Sprachinstitut,معهد اللغات,داس شبراخينزتيتوت,das,,noun,,,new,0,
das Stadion,الملعب,داس شتاديون,das,,noun,,,new,0,
das Stadtprogramm,برنامج المدينة,داس شتادتبروغرامم,das,,noun,,,new,0,
das Stadtzentrum,وسط المدينة,داس شتادتسنتروم,das,,noun,,,new,0,
das Start-Up,الشركة الناشئة,داس شتارت-وب,das,,noun,,,new,0,
das Studio,الاستوديو,داس شتوديو,das,,noun,,,new,0,
das Stück,القطعة,داس شتوك,das,,noun,,,new,0,
das Subjekt,الموضوع,داس زوبيِكت,das,,noun,,,new,0,
das Suppenhuhn,شوربة الدجاج,داس زوببنهوهن,das,,noun,,,new,0,
das Sushi,السوشي,داس زوزهي,das,,noun,,,new,0,
das Sweatshirt,السترة الرياضية,داس زفِاتزهيرت,das,,noun,,,new,0,
das Symbol,الرمز,داس زيمبول,das,,noun,,,new,0,
das T-Shirt,التيشيرت,داس ت-زهيرت,das,,noun,,,new,0,
das Tablet,الجهاز اللوحي,داس تابلِت,das,,noun,,,new,0,
das Talent,الموهبة,داس تالنت,das,,noun,,,new,0,
das Taxi,سيارة الأجرة,داس تاكسي,das,,noun,,,new,0,
das Team,الفريق,داس تهام,das,,noun,,,new,0,
das Telefon,الهاتف,داس تلِفون,das,,noun,,,new,0,
das Telefonat,المكالمة الهاتفية,داس تلِفونات,das,,noun,,,new,0,
das Telefongespräch,المحادثة الهاتفية,داس تلِفونغهزبريش,das,,noun,,,new,0,
das Theater,المسرح,داس تهاتر,das,,noun,,,new,0,
das Theater-Festival,مهرجان المسرح,داس تهاتر-فِزتيفال,das,,noun,,,new,0,
das Thema,الموضوع,داس تهما,das,,noun,,,new,0,
das Ticket,التذكرة,داس تيكهت,das,,noun,,,new,0,
das Tier,الحيوان,داس تير,das,,noun,,,new,0,
das Training,التدريب,داس ترآينينغ,das,,noun,,,new,0,
das Trinkgeld,طرف,داس ترينكغلد,das,,noun,,,new,0,
das Tuch,القماش,داس توخ,das,,noun,,,new,0,
das Unicafe,مقهى يونيكافيه,داس ونيكافه,das,,noun,,,new,0,
das Untergeschoss,القبو,داس ونترغهشوزز,das,,noun,,,new,0,
das Verb,الفعل,داس فرب,das,,noun,,,new,0,
das Verbot,الحظر,داس فربوت,das,,noun,,,new,0,
das Verkehrsmittel,وسائل النقل,داس فركههرزميتتل,das,,noun,,,new,0,
das Video,الفيديو,داس فيدِو,das,,noun,,,new,0,
das Viertel,الربع,داس فيرتل,das,,noun,,,new,0,
das Visum,التأشيرة,داس فيزوم,das,,noun,,,new,0,
das Vorstellungsgespräch,مقابلة العمل,داس فورزتللونغزغهزبريش,das,,noun,,,new,0,
das W-Wort,كلمة تبدأ بحرف W,داس ف-فورت,das,,noun,,,new,0,
das Wasser,الماء,داس فاززر,das,,noun,,,new,0,
das WC,المرحاض,داس فك,das,,noun,,,new,0,
das Wetter,الطقس,داس فِتتر,das,,noun,,,new,0,
das Wissen,المعرفة,داس فيززن,das,,noun,,,new,0,
das WLAN,شبكة الواي فاي,داس فلان,das,,noun,,,new,0,
das Wochenende,عطلة نهاية الأسبوع,داس فوخننده,das,,noun,,,new,0,
das Wohnheim,المهجع,داس فوهنهآيم,das,,noun,,,new,0,
das Wohnzimmer,غرفة المعيشة,داس فوهنتسيممر,das,,noun,,,new,0,
das Wort,الكلمة,داس فورت,das,,noun,,,new,0,
das Wortende,نهاية الكلمة,داس فورتنده,das,,noun,,,new,0,
das Wortinnere,باطن الكلمة,داس فورتيننره,das,,noun,,,new,0,
das Wunder,المعجزة,داس فوندر,das,,noun,,,new,0,
das Wörterbuch,القاموس,داس فورتربوخ,das,,noun,,,new,0,
das Würstchen,النقانق,داس فورزتشن,das,,noun,,,new,0,
das Würstel,النقانق,داس فورزتل,das,,noun,,,new,0,
das Zelt,الخيمة,داس تسلت,das,,noun,,,new,0,
das Zentrum,المركز,داس تسنتروم,das,,noun,,,new,0,
das Zeugnis,الشهادة,داس تسأويغنيز,das,,noun,,,new,0,
das Zimmer,الغرفة,داس تسيممر,das,,noun,,,new,0,
das Öl,الزيت,داس ول,das,,noun,,,new,0,
das Übungsbuch,دفتر التمارين,داس وبونغزبوخ,das,,noun,,,new,0,
dasein,أن أكون هناك,دازآين,,,word,,,new,0,
dauern,آخر,دآورن,,,word,,,new,0,
dazu,فضلاً عن ذلك,داتسو,,,word,,,new,0,
dazugehören,وهذا يشمل,داتسوغههورن,,,word,,,new,0,
dazulkommen,إلى اللقاء,داتسولكوممن,,,word,,,new,0,
dein,لك,دآين,,,word,,,new,0,
dem,ديم,دِم,,,word,,,new,0,
den,ال,دن,,,word,,,new,0,
denken,يفكر,دنكن,,,word,,,new,0,
der,ال,دير,,,word,,,new,0,
der Abend,المساء,دير ابند,der,,noun,,,new,0,
der Abschluss,الخاتمة,دير ابشلوزز,der,,noun,,,new,0,
der Abschrift,نص المحضر,دير ابشريفت,der,,noun,,,new,0,
der Absender,المرسل,دير ابزندر,der,,noun,,,new,0,
der Actionfilm,فيلم الحركة,دير اكتسيونفيلم,der,,noun,,,new,0,
der Akku,البطارية,دير اككو,der,,noun,,,new,0,
der Akkusativ,حالة النصب,دير اككوزاتيف,der,,noun,,,new,0,
der Alltag,الحياة اليومية,دير اللتاغ,der,,noun,,,new,0,
der Altenpfleger,ممرضة رعاية المسنين,دير التنبفلِغر,der,,noun,,,new,0,
der Anfangsbuchstabe,الحرف الأول,دير انفانغزبوخزتابه,der,,noun,,,overdue,27,
der Anhang,الملحق,دير انهانغ,der,,noun,,,new,0,
der Anrufer,المتصل,دير انروفر,der,,noun,,,new,0,
der Anschluss,الاتصال,دير انشلوزز,der,,noun,,,new,0,
der Antrag,التطبيق,دير انتراغ,der,,noun,,,new,0,
der Anzug,الدعوى,دير انتسوغ,der,,noun,,,new,0,
der Apfel,شركة أبل,دير ابفل,der,,noun,,,new,0,
der Apfelsaft,عصير التفاح,دير ابفلزافت,der,,noun,,,new,0,
der April,أبريل,دير ابريل,der,,noun,,,new,0,
der Arbeitsalltag,الروتين اليومي للعمل,دير اربآيتزاللتاغ,der,,noun,,,new,0,
der Arbeitsplatz,مكان العمل,دير اربآيتزبلاتس,der,,noun,,,new,0,
der Arbeitstag,يوم العمل,دير اربآيتزتاغ,der,,noun,,,new,0,
der Architekt,المهندس المعماري,دير ارشيتهكت,der,,noun,,,new,0,
der Arm,الذراع,دير ارم,der,,noun,,,new,0,
der Artikel,المقال,دير ارتيكل,der,,noun,,,new,0,
der Arzt,الطبيب,دير ارتست,der,,noun,,,new,0,
der Arztbesuch,زيارة الطبيب,دير ارتستبهزوخ,der,,noun,,,new,0,
der Arzthelfer,المساعد الطبي,دير ارتستلفر,der,,noun,,,new,0,
der Aufenthalt,الإقامة,دير آوفنتالت,der,,noun,,,new,0,
der Aufzug,المصعد,دير آوفتسوغ,der,,noun,,,new,0,
der Augenoptiker,أخصائي البصريات,دير آوغنوبتيكر,der,,noun,,,new,0,
der August,أغسطس,دير آوغوزت,der,,noun,,,new,0,
der Ausdruck,التعبير,دير آوزدروك,der,,noun,,,new,0,
der Ausflug,الرحلة,دير آوزفلوغ,der,,noun,,,new,0,
der Ausgang,النتيجة,دير آوزغانغ,der,,noun,,,new,0,
der Aussagesatz,الجملة الخبرية,دير آوززاغهزاتس,der,,noun,,,new,0,
der Austausch,البورصة,دير آوزتآوش,der,,noun,,,new,0,
der Ausweis,بطاقة الهوية,دير آوزفآيز,der,,noun,,,new,0,
der Automat,الآلة,دير آوتومات,der,,noun,,,new,0,
der Azubi,المتدرب,دير اتسوبي,der,,noun,,,new,0,
der Badeanzug,ملابس السباحة,دير بادِانتسوغ,der,,noun,,,new,0,
der Badeurlaub,عطلة الشاطئ,دير بادأويرلآوب,der,,noun,,,new,0,
der Bahnsteig,المنصة,دير باهنزتآيغ,der,,noun,,,new,0,
der Balkon,الشرفة,دير بالكون,der,,noun,,,new,0,
der Ball,الكرة,دير بالل,der,,noun,,,new,0,
der Bauch,البطن,دير بآوش,der,,noun,,,new,0,
der Baum,الشجرة,دير بآوم,der,,noun,,,new,0,
der Beamte,المسؤول,دير بهامته,der,,noun,,,new,0,
der Becher,الكأس,دير بهشر,der,,noun,,,new,0,
der Beginn,البداية,دير بهغينن,der,,noun,,,new,0,
der Beitrag,المساهمة,دير بآيتراغ,der,,noun,,,new,0,
der Berg,الجبل,دير برغ,der,,noun,,,new,0,
der Bericht,التقرير,دير بريشت,der,,noun,,,new,0,
der Berufswechsel,تغيير المسار الوظيفي,دير بروفزفِشزل,der,,noun,,,new,0,
der Berufswunsch,الطموح الوظيفي,دير بروفزفونش,der,,noun,,,new,0,
der Bescheid,القرار,دير بهشآيد,der,,noun,,,new,0,
der Besuch,الزيارة,دير بهزوخ,der,,noun,,,new,0,
der Besucher,الزائر,دير بهزوخر,der,,noun,,,new,0,
der Betrag,المبلغ,دير بهتراغ,der,,noun,,,new,0,
der Betreff,الموضوع,دير بهترِفف,der,,noun,,,new,0,
der Betrieb,العملية,دير بهتريب,der,,noun,,,new,0,
der Bewohner,المقيم,دير بهفوهنر,der,,noun,,,new,0,
der Biergarten,حديقة البيرة,دير بيرغارتن,der,,noun,,,new,0,
der Bikini,البيكيني,دير بيكيني,der,,noun,,,new,0,
der Bildschirm,الشاشة,دير بيلدشيرم,der,,noun,,,new,0,
der Bleistift,القلم الرصاص,دير بلآيزتيفت,der,,noun,,,new,0,
der Blick,المنظر,دير بليك,der,,noun,,,new,0,
der Blog,المدونة,دير بلوغ,der,,noun,,,new,0,
der Blogbeitrag,منشور المدونة,دير بلوغبآيتراغ,der,,noun,,,new,0,
der Brief,الرسالة,دير بريف,der,,noun,,,new,0,
der Briefstandard,معيار الحروف,دير بريفزتاندارد,der,,noun,,,new,0,
der Buchladen,المكتبة,دير بوخلادن,der,,noun,,,new,0,
der Buchstabe,الرسالة,دير بوخزتابه,der,,noun,,,new,0,
der Bus,الحافلة,دير بوز,der,,noun,,,new,0,
der Busfahrer,سائق الحافلة,دير بوزفاهرر,der,,noun,,,new,0,
der Bäcker,الخباز,دير بيكر,der,,noun,,,new,0,
der Campingurlaub,عطلة التخييم,دير كامبينغورلآوب,der,,noun,,,new,0,
der Cent,السنت,دير كنت,der,,noun,,,new,0,
der Champignon,الفطر,دير شامبيغنون,der,,noun,,,new,0,
der Chef,المدير,دير شِف,der,,noun,,,new,0,
der Chor,الجوقة,دير شور,der,,noun,,,new,0,
der Club,النادي,دير كلوب,der,,noun,,,new,0,
der Comic,الكوميديا,دير كوميك,der,,noun,,,new,0,
der Computer,الحاسوب,دير كومبوتر,der,,noun,,,new,0,
der Dank,شكرًا,دير دانك,der,,noun,,,new,0,
der Dativ,المفعول به,دير داتيف,der,,noun,,,new,0,
der Daumen,الإبهام,دير دآومن,der,,noun,,,new,0,
der Deckel,الغطاء,دير دِكل,der,,noun,,,new,0,
der Demonstrativartikel,أداة الإشارة,دير دِمونزتراتيفارتيكل,der,,noun,,,new,0,
der Designer,المصمم,دير دِزيغنر,der,,noun,,,new,0,
der Designfan,مُحب التصميم,دير دِزيغنفان,der,,noun,,,new,0,
der Dezember,ديسمبر,دير دِتسِمبر,der,,noun,,,new,0,
der Dialog,الحوار,دير ديالوغ,der,,noun,,,new,0,
der Diebstahl,السرقة,دير ديبزتاهل,der,,noun,,,new,0,
der Dienstag,يوم الثلاثاء,دير دينزتاغ,der,,noun,,,new,0,
der Direktor,المخرج,دير ديرِكتور,der,,noun,,,new,0,
der Doktor,الطبيب,دير دوكتور,der,,noun,,,new,0,
der Dom,الكاتدرائية,دير دوم,der,,noun,,,new,0,
der Donnerstag,يوم الخميس,دير دوننرزتاغ,der,,noun,,,new,0,
der Drucker,الطابعة,دير دروكر,der,,noun,,,new,0,
der Durst,العطش,دير دورزت,der,,noun,,,new,0,
der Döner,كباب الدونر,دير دونر,der,,noun,,,new,0,
der E-Book-Reader,قارئ الكتب الإلكترونية,دير ه-بووك-رِادر,der,,noun,,,new,0,
der Ehemann,الزوج,دير ِهِمانن,der,,noun,,,new,0,
der Eingang,المدخل,دير آينغانغ,der,,noun,,,new,0,
der Einkauf,عملية الشراء,دير آينكآوف,der,,noun,,,new,0,
der Einkaufswagen,عربة التسوق,دير آينكآوفزفاغن,der,,noun,,,new,0,
der Einkaufszettel,قائمة التسوق,دير آينكآوفزتسِتتل,der,,noun,,,new,0,
der Eintrag,المدخل,دير آينتراغ,der,,noun,,,new,0,
der Eintritt,المدخل,دير آينتريتت,der,,noun,,,new,0,
der Elektriker,الكهربائي,دير لِكتريكر,der,,noun,,,new,0,
der Emmentaler,إيمنتالر,دير ِممنتالر,der,,noun,,,new,0,
der Empfänger,المتلقي,دير ِمبفينغر,der,,noun,,,new,0,
der Englisch-Test,اختبار اللغة الإنجليزية,دير نغليش-تهزت,der,,noun,,,new,0,
der Englischlehrer,مدرس اللغة الإنجليزية,دير نغليشلِهرر,der,,noun,,,new,0,
der Entertainer,الفنان,دير نترتآينر,der,,noun,,,new,0,
der Erzieher,المعلم,دير رتسيهر,der,,noun,,,new,0,
der Essig,الخل,دير ِززيغ,der,,noun,,,new,0,
der Euro,اليورو,دير أويرو,der,,noun,,,new,0,
der Fahrer,السائق,دير فاهرر,der,,noun,,,new,0,
der Fahrgast,الراكب,دير فاهرغازت,der,,noun,,,new,0,
der Fahrkartenschalter,شباك التذاكر,دير فاهركارتنشالتر,der,,noun,,,new,0,
der Fahrplan,الجدول الزمني,دير فاهربلان,der,,noun,,,new,0,
der Familienname,اسم العائلة,دير فاميليننامه,der,,noun,,,new,0,
der Fan,المروحة,دير فان,der,,noun,,,new,0,
der Fantasy-Film,فيلم الخيال,دير فانتازي-فيلم,der,,noun,,,new,0,
der Februar,فبراير,دير فِبروار,der,,noun,,,new,0,
der Fehler,الخطأ,دير فِهلر,der,,noun,,,new,0,
der Feierabend,نهاية يوم العمل,دير فآيرابند,der,,noun,,,new,0,
der Feiertag,العطلة,دير فآيرتاغ,der,,noun,,,new,0,
der Fernfahrer,سائق شاحنة النقل لمسافات طويلة,دير فرنفاهرر,der,,noun,,,new,0,
der Film,الفيلم,دير فيلم,der,,noun,,,new,0,
der Filmfan,محب الأفلام,دير فيلمفان,der,,noun,,,new,0,
der Finger,الإصبع,دير فينغر,der,,noun,,,new,0,
der Fisch,السمك,دير فيش,der,,noun,,,new,0,
der Flagship-Store,المتجر الرئيسي,دير فلاغزهيب-شتوره,der,,noun,,,new,0,
der Flohmarkt,سوق السلع المستعملة,دير فلوهماركت,der,,noun,,,new,0,
der Flug,الرحلة,دير فلوغ,der,,noun,,,new,0,
der Flughafen,المطار,دير فلوغهافن,der,,noun,,,new,0,
der Flur,الممر,دير فلور,der,,noun,,,new,0,
der Fluss,النهر,دير فلوزز,der,,noun,,,new,0,
der Forumsbeitrag,منشور المنتدى,دير فورومزبآيتراغ,der,,noun,,,new,0,
der Fotograf,المصور,دير فوتوغراف,der,,noun,,,new,0,
der Franken,عائلة فرانكس,دير فرانكن,der,,noun,,,new,0,
der Freitag,جمعة,دير فرآيتاغ,der,,noun,,,new,0,
der Freund,الصديق,دير فرأويند,der,,noun,,,new,0,
der Friseur,مصفف الشعر,دير فريزأوير,der,,noun,,,new,0,
der Frühling,الربيع,دير فروهلينغ,der,,noun,,,new,0,
der Fuß,القدم,دير فوس,der,,noun,,,new,0,
der Führerschein,رخصة القيادة,دير فوهررشآين,der,,noun,,,new,0,
der Gang,الممر,دير غانغ,der,,noun,,,new,0,
der Garten,الحديقة,دير غارتن,der,,noun,,,new,0,
der Gast,الضيف,دير غازت,der,,noun,,,new,0,
der Geburtstag,عيد ميلاد,دير غهبورتزتاغ,der,,noun,,,new,0,
der Gedanke,الفكرة,دير غهدانكه,der,,noun,,,new,0,
der Gefallen,المعروف,دير غهفاللن,der,,noun,,,new,0,
der Gegenstand,الشيء,دير غهغنزتاند,der,,noun,,,new,0,
der Geigenunterricht,دروس الكمان,دير غآيغنونترريشت,der,,noun,,,new,0,
der Genitiv,المضاف إليه,دير غنيتيف,der,,noun,,,new,0,
der Glauben (Ich glaube,الاعتقاد (أعتقد),دير غلآوبن (إيش غلآوبه,der,,sentence,,,ignored,0,قوس غير مغلق
der Glückwunsch,تهانينا,دير غلوكفونش,der,,noun,,,new,0,
der Grad,الدرجة,دير غراد,der,,noun,,,new,0,
der Grafiker,الفنان التشكيلي,دير غرافيكر,der,,noun,,,new,0,
der Großvater,الجد,دير غروسفاتر,der,,noun,,,new,0,
der Grund,السبب,دير غروند,der,,noun,,,new,0,
der Gärtner,البستاني,دير غيرتنر,der,,noun,,,new,0,
der Hafen,الميناء,دير هافن,der,,noun,,,new,0,
der Halbmarathon,نصف الماراثون,دير هالبماراتون,der,,noun,,,new,0,
der Hals,الرقبة,دير هالز,der,,noun,,,new,0,
der Hamster,الهامستر,دير هامزتر,der,,noun,,,new,0,
der Handschuh,القفاز,دير هاندشوه,der,,noun,,,new,0,
der Handwerker,الحرفي,دير هاندفركر,der,,noun,,,new,0,
der Handy-Akku,بطارية الهاتف المحمول,دير هاندي-اككو,der,,noun,,,new,0,
der Hauptschulabschluss,شهادة إتمام الدراسة الثانوية,دير هآوبتشولابشلوزز,der,,noun,,,new,0,
der Hausmeister,القائم على الرعاية,دير هآوزمآيزتر,der,,noun,,,new,0,
der Helm,الخوذة,دير هلم,der,,noun,,,new,0,
der Herbst,الخريف,دير هربزت,der,,noun,,,new,0,
der Herd,الموقد,دير هرد,der,,noun,,,new,0,
der Herzchirurg,جراح القلب,دير هرتسشيرورغ,der,,noun,,,new,0,
der Hof,الفناء,دير هوف,der,,noun,,,new,0,
der Honig,العسل,دير هونيغ,der,,noun,,,new,0,
der Horrorfilm,فيلم الرعب,دير هوررورفيلم,der,,noun,,,new,0,
der Hotelchef,مدير الفندق,دير هوتلشِف,der,,noun,,,new,0,
der Hotelkaufmann,مدير الفندق,دير هوتلكآوفمانن,der,,noun,,,new,0,
der Humor,مزاح,دير هومور,der,,noun,,,new,0,
der Hund,الكلب,دير هوند,der,,noun,,,new,0,
der Hunger,الجوع,دير هونغر,der,,noun,,,new,0,
der Hustensaft,شراب السعال,دير هوزتنزافت,der,,noun,,,new,0,
der Hut,القبعة,دير هوت,der,,noun,,,new,0,
der Händler,التاجر,دير هيندلر,der,,noun,,,new,0,
der Imperativ,الأمر الحتمي,دير يمبراتيف,der,,noun,,,new,0,
der Individualist,الفرداني,دير ينديفيدواليزت,der,,noun,,,new,0,
der Infinitiv,المصدر,دير ينفينيتيف,der,,noun,,,new,0,
der Informatiker,عالم الحاسوب,دير ينفورماتيكر,der,,noun,,,new,0,
der Infotext,نص المعلومات,دير ينفوتهكست,der,,noun,,,new,0,
der Ingenieur,المهندس,دير ينغنيأوير,der,,noun,,,new,0,
der Interrogativartikel,أداة الاستفهام,دير ينترروغاتيفارتيكل,der,,noun,,,new,0,
der Januar,يناير,دير يانوار,der,,noun,,,new,0,
der Job,الوظيفة,دير يوب,der,,noun,,,new,0,
der Jobwechsel,تغيير الوظيفة,دير يوبفِشزل,der,,noun,,,new,0,
der Journalist,الصحفي,دير يوورناليزت,der,,noun,,,new,0,
der Juli,يوليو,دير يولي,der,,noun,,,new,0,
der Junge,الشباب,دير يونغه,der,,noun,,,new,0,
der Juni,يونيو,دير يوني,der,,noun,,,new,0,
der Jurist,المحامي,دير يوريزت,der,,noun,,,new,0,
der Kaffee,القهوة,دير كاففه,der,,noun,,,new,0,
der Kaiser,الإمبراطور,دير كآيزر,der,,noun,,,new,0,
der Kalender,التقويم,دير كالندر,der,,noun,,,new,0,
der Kassenzettel,الإيصال,دير كاززنتسِتتل,der,,noun,,,new,0,
der Kilometer,الكيلومتر,دير كيلومِتر,der,,noun,,,new,0,
der Kindergarten,روضة الأطفال,دير كيندرغارتن,der,,noun,,,new,0,
der Kinobesuch,زيارة السينما,دير كينوبهزوخ,der,,noun,,,new,0,
der Klassiker,الكلاسيكي,دير كلاززيكر,der,,noun,,,new,0,
der Kleiderkauf,شراء الملابس,دير كلآيدركآوف,der,,noun,,,new,0,
der Koch,الطباخ,دير كوخ,der,,noun,,,new,0,
der Koffer,الحقيبة,دير كوففر,der,,noun,,,new,0,
der Kollege,الزميل,دير كوللِغه,der,,noun,,,new,0,
der Komparativ,المقارنة,دير كومباراتيف,der,,noun,,,new,0,
der Konjunktiv,صيغة الشرط,دير كونيونكتيف,der,,noun,,,new,0,
der Konsonant,الحرف الساكن,دير كونزونانت,der,,noun,,,new,0,
der Kontakt,جهة الاتصال,دير كونتاكت,der,,noun,,,new,0,
der Kontext,السياق,دير كونتهكست,der,,noun,,,new,0,
der Konzertbeginn,بداية الحفل,دير كونتسرتبهغينن,der,,noun,,,new,0,
der Kopf,الرأس,دير كوبف,der,,noun,,,new,0,
der Krankenpfleger,الممرضة,دير كرانكنبفلِغر,der,,noun,,,new,0,
der Krimi,رواية الجريمة,دير كريمي,der,,noun,,,new,0,
der Kuchen,الكعكة,دير كوخن,der,,noun,,,new,0,
der Kugelschreiber,قلم حبر جاف,دير كوغلشرآيبر,der,,noun,,,new,0,
der Kunde,العميل,دير كونده,der,,noun,,,new,0,
der Kundenbesuch,زيارة العميل,دير كوندنبهزوخ,der,,noun,,,new,0,
der Kurs,الدورة,دير كورز,der,,noun,,,new,0,
der Kursort,موقع الدورة,دير كورزورت,der,,noun,,,new,0,
der Kurspartner,شريك الدورة,دير كورزبارتنر,der,,noun,,,new,0,
der Kursraum,الفصل الدراسي,دير كورزرآوم,der,,noun,,,new,0,
der Käse,الجبن,دير كيزه,der,,noun,,,new,0,
der Körper,الجسم,دير كوربر,der,,noun,,,new,0,
der Körperteil,جزء من الجسم,دير كوربرتآيل,der,,noun,,,new,0,
der Kühlschrank,الثلاجة,دير كوهلشرانك,der,,noun,,,new,0,
der Künstler,الفنان,دير كونزتلر,der,,noun,,,new,0,
der Laborant,فني المختبر,دير لابورانت,der,,noun,,,new,0,
der Laden,المتجر,دير لادن,der,,noun,,,new,0,
der Laptop,الكمبيوتر المحمول,دير لابتوب,der,,noun,,,new,0,
der Lastwagen,الشاحنة,دير لازتفاغن,der,,noun,,,new,0,
der Lautsprecher,مكبر الصوت,دير لآوتزبرِشر,der,,noun,,,new,0,
der Lehrer,المعلم,دير لِهرر,der,,noun,,,new,0,
der Leiter,السلم,دير لآيتر,der,,noun,,,new,0,
der Lernwortschatz,المفردات,دير لرنفورتشاتس,der,,noun,,,new,0,
der Liebesfilm,فيلم الحب,دير ليبهزفيلم,der,,noun,,,new,0,
der Lieblingsort,المكان المفضل,دير ليبلينغزورت,der,,noun,,,new,0,
der Like,وما شابه ذلك,دير ليكه,der,,noun,,,new,0,
der Link,الرابط,دير لينك,der,,noun,,,new,0,
der Liter,اللتر,دير ليتر,der,,noun,,,new,0,
der Lkw,الشاحنة,دير لكف,der,,noun,,,new,0,
der Lohn,الأجر,دير لوهن,der,,noun,,,new,0,
der Löffel,الملعقة,دير لوِففل,der,,noun,,,new,0,
der Mai,يمكن,دير مآي,der,,noun,,,new,0,
der Maler,الرسام,دير مالر,der,,noun,,,new,0,
der Mann,الرجل,دير مانن,der,,noun,,,new,0,
der Mantel,المعطف,دير مانتل,der,,noun,,,new,0,
der Marathon,الماراثون,دير ماراتون,der,,noun,,,new,0,
der Markt,السوق,دير ماركت,der,,noun,,,new,0,
der Mathe-Test,اختبار الرياضيات,دير ماته-تهزت,der,,noun,,,new,0,
der Mechaniker,الميكانيكي,دير مِشانيكر,der,,noun,,,new,0,
der Mediziner,الطبيب,دير مِديتسينر,der,,noun,,,new,0,
der Meter,العداد,دير مِتر,der,,noun,,,new,0,
der Mist,هذا الهراء,دير ميزت,der,,noun,,,new,0,
der Mitarbeiter,الموظف,دير ميتاربآيتر,der,,noun,,,new,0,
der Mittag,منتصف النهار,دير ميتتاغ,der,,noun,,,new,0,
der Mittwoch,الأربعاء,دير ميتتفوخ,der,,noun,,,new,0,
der Modedesigner,مصمم الأزياء,دير مودِدِزيغنر,der,,noun,,,new,0,
der Modefan,محبة الموضة,دير مودِفان,der,,noun,,,new,0,
der Moment,اللحظة,دير مومنت,der,,noun,,,new,0,
der Monat,الشهر,دير مونات,der,,noun,,,new,0,
der Montag,الاثنين,دير مونتاغ,der,,noun,,,new,0,
der Morgen,الصباح,دير مورغن,der,,noun,,,new,0,
der Mund,الفم,دير موند,der,,noun,,,new,0,
der Musiker,الموسيقي,دير موزيكر,der,,noun,,,new,0,
der Musikfan,محب الموسيقى,دير موزيكفان,der,,noun,,,new,0,
der März,يمشي,دير ميرتس,der,,noun,,,new,0,
der Müll,القمامة,دير مولل,der,,noun,,,new,0,
der Nachbar,الجار,دير ناخبار,der,,noun,,,new,0,
der Nachmittag,بعد الظهر,دير ناخميتتاغ,der,,noun,,,new,0,
der Nachname,اللقب,دير ناخنامه,der,,noun,,,new,0,
der Nachteil,العيوب,دير ناختآيل,der,,noun,,,new,0,
der Name,الاسم,دير نامه,der,,noun,,,new,0,
der Negationsartikel,أداة النفي,دير نِغاتسيونزارتيكل,der,,noun,,,new,0,
der Nominativ,الاسمية,دير نوميناتيف,der,,noun,,,new,0,
der Norden,الشمال,دير نوردن,der,,noun,,,new,0,
der Notarzt,طبيب الطوارئ,دير نوتارتست,der,,noun,,,new,0,
der November,نوفمبر,دير نوفِمبر,der,,noun,,,new,0,
der Oberarzt,كبير الأطباء,دير وبرارتست,der,,noun,,,new,0,
der Oktober,أكتوبر,دير وكتوبر,der,,noun,,,new,0,
der Opa,الجد,دير وبا,der,,noun,,,new,0,
der Operationssaal,غرفة العمليات,دير وبراتسيونززاال,der,,noun,,,new,0,
der Ort,المكان,دير ورت,der,,noun,,,new,0,
der Osten,الشرق,دير وزتن,der,,noun,,,new,0,
der Park,الحديقة,دير بارك,der,,noun,,,new,0,
der Partner,الشريك,دير بارتنر,der,,noun,,,new,0,
der Pass,جواز السفر,دير بازز,der,,noun,,,learning,30,
der Patient,المريض,دير باتينت,der,,noun,,,new,0,
der Personalausweis,بطاقة الهوية,دير برزونالآوزفآيز,der,,noun,,,new,0,
der Pfeffer,الفلفل,دير بفِففر,der,,noun,,,new,0,
der Physiotherapeut,أخصائي العلاج الطبيعي,دير فيزيوترابأويت,der,,noun,,,new,0,
der Plan,الخطة,دير بلان,der,,noun,,,new,0,
der Planen A/3b Platz,مساحة الخطة أ/3ب,دير بلانن ا/3ب بلاتس,der,,sentence,,,ignored,0,يبدو أنه يحتوي على مرجع تمرين; مدخل مشوه محتمل من جدول أو تمرين
der Platz,المساحة,دير بلاتس,der,,noun,,,new,0,
der Plural,الجمع,دير بلورال,der,,noun,,,new,0,
der Politiker,السياسي,دير بوليتيكر,der,,noun,,,new,0,
der Polizist,ضابط الشرطة,دير بوليتسيزت,der,,noun,,,new,0,
der Possessivartikel,أداة الملكية,دير بوززِززيفارتيكل,der,,noun,,,new,0,
der Preis,السعر,دير برآيز,der,,noun,,,new,0,
der Probetag,يوم المحاكمة,دير بروبهتاغ,der,,noun,,,new,0,
der Professor,الأستاذ,دير بروفِززور,der,,noun,,,new,0,
der Pulli,السترة,دير بوللي,der,,noun,,,new,0,
der Pullover,السترة,دير بوللوفر,der,,noun,,,new,0,
der Punkt,النقطة,دير بونكت,der,,noun,,,new,0,
der Quatsch,هذا هراء,دير كفاتش,der,,noun,,,new,0,
der Raum,المساحة,دير رآوم,der,,noun,,,new,0,
der Realschulabschluss,شهادة إتمام الدراسة الثانوية,دير رِالشولابشلوزز,der,,noun,,,new,0,
der Regen,المطر,دير رِغن,der,,noun,,,new,0,
der Regenschirm,المظلة,دير رِغنشيرم,der,,noun,,,new,0,
der Regisseur,المخرج,دير رِغيززأوير,der,,noun,,,new,0,
der Reis,الأرز,دير رآيز,der,,noun,,,new,0,
der Reisebericht,رحلة,دير رآيزِبريشت,der,,noun,,,new,0,
der Reiseführer,دليل السفر,دير رآيزِفوهرر,der,,noun,,,new,0,
der Rentner,المتقاعد,دير رنتنر,der,,noun,,,new,0,
der Riesenspaß,متعة رائعة,دير ريزنزباس,der,,noun,,,new,0,
der Ring,الخاتم,دير رينغ,der,,noun,,,new,0,
der Roboter,الروبوت,دير روبوتر,der,,noun,,,new,0,
der Rock,الصخرة,دير روك,der,,noun,,,new,0,
der Rollstuhl,الكرسي المتحرك,دير روللزتوهل,der,,noun,,,new,0,
der Rücken,الظهر,دير روكن,der,,noun,,,new,0,
der Saft,العصير,دير زافت,der,,noun,,,new,0,
der Saison-Job,الوظيفة الموسمية,دير زآيزون-يوب,der,,noun,,,new,0,
der Salat,السلطة,دير زالات,der,,noun,,,new,0,
der Samstag,السبت,دير زامزتاغ,der,,noun,,,new,0,
der Samstagabend,مساء السبت,دير زامزتاغابند,der,,noun,,,new,0,
der Satz,الجملة,دير زاتس,der,,noun,,,new,0,
der Schaffner,قائد الأوركسترا,دير شاففنر,der,,noun,,,new,0,
der Schal,الوشاح,دير شال,der,,noun,,,new,0,
der Schalter,المكتب,دير شالتر,der,,noun,,,new,0,
der Schauspieler,الممثل,دير شآوزبيلر,der,,noun,,,new,0,
der Schinken,لحم الخنزير,دير شينكن,der,,noun,,,new,0,
der Schlafsack,كيس النوم,دير شلافزاك,der,,noun,,,new,0,
der Schluss,النهاية,دير شلوزز,der,,noun,,,new,0,
der Schlüssel,المفتاح,دير شلوززل,der,,noun,,,new,0,
der schmecken,ذلك المذاق,دير شمِكن,der,,noun,,,new,0,
der Schmerz,الألم,دير شمرتس,der,,noun,,,new,0,
der Schmuck,المجوهرات,دير شموك,der,,noun,,,new,0,
der Schnee,الثلج,دير شنه,der,,noun,,,new,0,
der Schnupfen,البرد,دير شنوبفن,der,,noun,,,new,0,
der Schrank,الخزانة,دير شرانك,der,,noun,,,new,0,
der Schreibtisch,المكتب,دير شرآيبتيش,der,,noun,,,new,0,
der Schritt,الخطوة,دير شريتت,der,,noun,,,new,0,
der Schuh,الحذاء,دير شوه,der,,noun,,,new,0,
der Schuhfan,مروحة الأحذية,دير شوهفان,der,,noun,,,new,0,
der Schuhladen,متجر الأحذية,دير شوهلادن,der,,noun,,,new,0,
der Schulabschluss,شهادة إتمام الدراسة الثانوية,دير شولابشلوزز,der,,noun,,,new,0,
der Schulranzen,حقيبة المدرسة,دير شولرانتسن,der,,noun,,,new,0,
der Schultag,اليوم الدراسي,دير شولتاغ,der,,noun,,,new,0,
der Schultyp,نوع المدرسة,دير شولتيب,der,,noun,,,new,0,
der Schulweg,الطريق المدرسي,دير شولفِغ,der,,noun,,,new,0,
der Schüler,الطالب,دير شولر,der,,noun,,,new,0,
der Secondhand-Laden,متجر السلع المستعملة,دير زِكوندهاند-لادن,der,,noun,,,new,0,
der See,البحيرة,دير زه,der,,noun,,,new,0,
der Segellehrer,مدرب الإبحار,دير زِغللِهرر,der,,noun,,,new,0,
der Segelsport,الإبحار,دير زِغلزبورت,der,,noun,,,new,0,
der Segler,البحار,دير زِغلر,der,,noun,,,new,0,
der Sekretär,السكرتيرة,دير زِكرِتير,der,,noun,,,new,0,
der September,سبتمبر,دير زِبتهمبر,der,,noun,,,new,0,
der Sessel,الكرسي ذو الذراعين,دير زِززل,der,,noun,,,new,0,
der Shop,المتجر,دير زهوب,der,,noun,,,new,0,
der Sieg,النصر,دير زيغ,der,,noun,,,new,0,
der Silbenanfang,بداية المقطع,دير زيلبنانفانغ,der,,noun,,,new,0,
der Singular,المفرد,دير زينغولار,der,,noun,,,new,0,
der Sinn,المعنى,دير زينن,der,,noun,,,new,0,
der Ski,التزلج,دير زكي,der,,noun,,,new,0,
der Ski-Urlaub,عطلة التزلج,دير زكي-ورلآوب,der,,noun,,,new,0,
der Small Talk,أحاديث قصيرة,دير زمالل تالك,der,,phrase,,,new,0,
der Snowboard-Urlaub,عطلة التزلج على الجليد,دير زنوفبوارد-ورلآوب,der,,noun,,,new,0,
der Sofort B/8c. Sohn,الابن المباشر B/8c.,دير زوفورت ب/8ك. زوهن,der,,sentence,,,ignored,0,يبدو أنه يحتوي على مرجع تمرين; مدخل مشوه محتمل من جدول أو تمرين
der Solist,العازف المنفرد,دير زوليزت,der,,noun,,,new,0,
der Sommer,الصيف,دير زوممر,der,,noun,,,new,0,
der Sonntag,الأحد,دير زوننتاغ,der,,noun,,,new,0,
der Sonntagnachmittag,بعد ظهر يوم الأحد,دير زوننتاغناخميتتاغ,der,,noun,,,new,0,
der Spaziergang,المشي,دير شباتسيرغانغ,der,,noun,,,new,0,
der Spaß,المتعة,دير شباس,der,,noun,,,new,0,
der Spielplatz,الملعب,دير شبيلبلاتس,der,,noun,,,new,0,
der Sport,الرياضة,دير شبورت,der,,noun,,,new,0,
der Sportclub,النادي الرياضي,دير شبورتكلوب,der,,noun,,,new,0,
der Sportler,الرياضي,دير شبورتلر,der,,noun,,,new,0,
der Sportschuh,الحذاء الرياضي,دير شبورتشوه,der,,noun,,,new,0,
der Stadtpark,حديقة المدينة,دير شتادتبارك,der,,noun,,,new,0,
der Stadtplan,خريطة المدينة,دير شتادتبلان,der,,noun,,,new,0,
der Stadturlaub,عطلة في المدينة,دير شتادتورلآوب,der,,noun,,,new,0,
der Stapel,المكدس,دير شتابل,der,,noun,,,new,0,
der Star,النجم,دير شتار,der,,noun,,,new,0,
der Start,البداية,دير شتارت,der,,noun,,,new,0,
der Statist,الإضافي,دير شتاتيزت,der,,noun,,,new,0,
der Steckbrief,الملف الشخصي,دير شتهكبريف,der,,noun,,,new,0,
der Stichpurikt,ستيتشبوريك,دير شتيشبوريكت,der,,noun,,,new,0,
der Stiefel,الحذاء,دير شتيفل,der,,noun,,,new,0,
der Stift,القلم الرصاص,دير شتيفت,der,,noun,,,new,0,
der Stock,العصا,دير شتوك,der,,noun,,,new,0,
der Stollen,النفق,دير شتوللن,der,,noun,,,new,0,
der Storch,اللقلق,دير شتورش,der,,noun,,,new,0,
der Strand,الشاطئ,دير شتراند,der,,noun,,,new,0,
der Stress,التوتر,دير شترِزز,der,,noun,,,new,0,
der Student,الطالب,دير شتودنت,der,,noun,,,new,0,
der Stundenplan,الجدول الزمني,دير شتوندنبلان,der,,noun,,,new,0,
der Superlativ,صيغة التفضيل,دير زوبرلاتيف,der,,noun,,,new,0,
der Sänger,المغني,دير زينغر,der,,noun,,,new,0,
der Süden,الجنوب,دير زودن,der,,noun,,,due,38,
der Tag,اليوم,دير تاغ,der,,noun,,,new,0,
der Tagesgast,ضيف اليوم,دير تاغهزغازت,der,,noun,,,new,0,
der Tango,التانغو,دير تانغو,der,,noun,,,new,0,
der Taxifahrer,سائق التاكسي,دير تاكسيفاهرر,der,,noun,,,new,0,
der Techniker,الفني,دير تهشنيكر,der,,noun,,,new,0,
der Tee,الشاي,دير تهه,der,,noun,,,new,0,
der Teil,الجزء,دير تآيل,der,,noun,,,new,0,
der Teller,الطبق,دير تللر,der,,noun,,,new,0,
der Tennisplatz,ملعب التنس,دير تننيزبلاتس,der,,noun,,,new,0,
der Teppich,السجادة,دير تهببيش,der,,noun,,,new,0,
der Termin,الموعد,دير ترمين,der,,noun,,,new,0,
der Test,الاختبار,دير تهزت,der,,noun,,,new,0,
der Text,النص,دير تهكست,der,,noun,,,new,0,
der Textbaustein,وحدة النص,دير تهكستبآوزتآين,der,,noun,,,new,0,
der Therapeut,المعالج,دير ترابأويت,der,,noun,,,new,0,
der Thriller,فيلم الإثارة,دير تريللر,der,,noun,,,new,0,
der Ticketkauf,شراء التذاكر,دير تيكهتكآوف,der,,noun,,,new,0,
der Tiertrainer,مدرب الحيوانات,دير تيرترآينر,der,,noun,,,new,0,
der Tisch,الجدول,دير تيش,der,,noun,,,new,0,
der Tourist,السائح,دير تووريزت,der,,noun,,,new,0,
der Trailer,المقطع الدعائي,دير ترآيلر,der,,noun,,,new,0,
der Trainer,المدرب,دير ترآينر,der,,noun,,,new,0,
der Traum,الحلم,دير ترآوم,der,,noun,,,new,0,
der Traumurlaub,عطلة الأحلام,دير ترآومورلآوب,der,,noun,,,new,0,
der Treffpunkt,نقطة الالتقاء,دير ترِففبونكت,der,,noun,,,new,0,
der Trompetenunterricht,دروس في العزف على البوق,دير ترومبهتنونترريشت,der,,noun,,,new,0,
der Tropfen,السقوط,دير تروبفن,der,,noun,,,new,0,
der Turm,البرج,دير تورم,der,,noun,,,new,0,
der Umlaut,علامة التشكيل (أوملاوت),دير وملآوت,der,,noun,,,new,0,
der Umzug,الخطوة,دير ومتسوغ,der,,noun,,,new,0,
der Unfall,الحادث,دير ونفالل,der,,noun,,,new,0,
der Unterricht,الدرس,دير ونترريشت,der,,noun,,,new,0,
der Unterstrich,الشرطة السفلية,دير ونترزتريش,der,,noun,,,new,0,
der Urlaub,العطلات,دير ورلآوب,der,,noun,,,new,0,
der Urlaubsort,المنتجع السياحي,دير ورلآوبزورت,der,,noun,,,new,0,
der USB-Stick,ذاكرة USB,دير وزب-شتيك,der,,noun,,,new,0,
der Vater,الأب,دير فاتر,der,,noun,,,new,0,
der Verband,الجمعية,دير فرباند,der,,noun,,,new,0,
der Verein,الاتحاد,دير فرآين,der,,noun,,,new,0,
der Vergleich,المقارنة,دير فرغلآيش,der,,noun,,,new,0,
der Verkehr,حركة المرور,دير فركههر,der,,noun,,,new,0,
der Vokabeltest,اختبار المفردات,دير فوكابلتهزت,der,,noun,,,new,0,
der Vokal,حرف العلة,دير فوكال,der,,noun,,,new,0,
der Vormittag,الصباح,دير فورميتتاغ,der,,noun,,,new,0,
der Vorname,الاسم الأول,دير فورنامه,der,,noun,,,new,0,
der Vorschlag,الاقتراح,دير فورشلاغ,der,,noun,,,new,0,
der Vorteil,الميزة,دير فورتآيل,der,,noun,,,new,0,
der Wagen,السيارة,دير فاغن,der,,noun,,,new,0,
der Weg,الطريق,دير فِغ,der,,noun,,,new,0,
der Weihnachtsmarkt,سوق عيد الميلاد,دير فآيهناختزماركت,der,,noun,,,new,0,
der Westen,الغرب,دير فِزتن,der,,noun,,,new,0,
der Wetterbericht,تقرير حالة الطقس,دير فِتتربريشت,der,,noun,,,new,0,
der Wind,الريح,دير فيند,der,,noun,,,new,0,
der Winter,شتاء,دير فينتر,der,,noun,,,new,0,
der Witz,النكتة,دير فيتس,der,,noun,,,new,0,
der Wochentag,يوم من أيام الأسبوع,دير فوخنتاغ,der,,noun,,,new,0,
der Wohnort,مكان الإقامة,دير فوهنورت,der,,noun,,,new,0,
der Wortanfang,بداية الكلمة,دير فورتانفانغ,der,,noun,,,new,0,
der Wortteil,جزء من الكلمة,دير فورتتآيل,der,,noun,,,new,0,
der Wunsch,الرغبة,دير فونش,der,,noun,,,new,0,
der Zahn,السن,دير تساهن,der,,noun,,,new,0,
der Zahnarzt,طبيب الأسنان,دير تساهنارتست,der,,noun,,,new,0,
der Zettel,الملاحظة,دير تسِتتل,der,,noun,,,new,0,
der Zoo,حديقة الحيوان,دير تسوو,der,,noun,,,new,0,
der Zucker,السكر,دير تسوكر,der,,noun,,,new,0,
der Zufall,فرصة,دير تسوفالل,der,,noun,,,new,0,
der Zug,القطار,دير تسوغ,der,,noun,,,new,0,
der Zuschauer,المتفرج,دير تسوشآور,der,,noun,,,new,0,
der Ärger,المشكلة,دير يرغر,der,,noun,,,new,0,
der Überraschungstag,يوم المفاجأة,دير وبرراشونغزتاغ,der,,noun,,,new,0,
der Übersetzer,المترجم,دير وبرزِتسر,der,,noun,,,new,0,
der/die Angestellte,الموظف,دير/دي انغهزتللته,,,phrase,,,new,0,
der/die Auszubildende,المتدرب,دير/دي آوزتسوبيلدنده,,,phrase,,,new,0,
der/die Bekannte,المعرفة,دير/دي بهكاننته,,,phrase,,,new,0,
der/die Deutsche,الألماني,دير/دي دأويتشه,,,phrase,,,new,0,
der/die Erste,الأول,دير/دي رزته,,,phrase,,,new,0,
die Erwachsene,البالغ,دي رفاخزنه,die,,noun,,,new,0,
der/die Jugendliche,الشاب,دير/دي يوغندليشه,,,phrase,,,new,0,
der/die Kranke,الشخص المريض,دير/دي كرانكه,,,phrase,,,new,0,
der/die Letzte,الأخير,دير/دي لِتسته,,,phrase,,,new,0,
der/die Nächste,التالي,دير/دي نيشزته,,,phrase,,,new,0,
der/die Studierende,الطالب,دير/دي شتوديرنده,,,phrase,,,new,0,
der/die Verletzte,الشخص المصاب,دير/دي فرلِتسته,,,phrase,,,new,0,
der/die Verwandte,قريب,دير/دي فرفاندته,,,phrase,,,new,0,
deutlich,بوضوح,دأويتليش,,,word,,,new,0,
deutschsprachig,الناطقون بالألمانية,دأويتشزبراخيغ,,,word,,,new,0,
dich,أنت,ديش,,,word,,,new,0,
die,ال,دي,,,word,,,new,0,
die Abendkleidung,ملابس السهرة,دي ابندكلآيدونغ,die,,noun,,,new,0,
die Abfahrt,الوداع,دي ابفاهرت,die,,noun,,,new,0,
die Absage,الإلغاء,دي ابزاغه,die,,noun,,,new,0,
die AG,المدعي العام,دي اغ,die,,noun,,,new,0,
die Agentur für Arbeit,وكالة التوظيف,دي اغنتور فوير اربآيت,die,,sentence,,,new,0,
die Ahnung,الشعور,دي اهنونغ,die,,noun,,,new,0,
die Aktivität,النشاط,دي اكتيفيتيت,die,,noun,,,new,0,
die Altbauwohnung,الشقة القديمة,دي التبآوفوهنونغ,die,,noun,,,new,0,
die Altenpflegerin,ممرضة رعاية المسنين,دي التنبفلِغرين,die,,noun,,,new,0,
die Altersangabe,مؤشر العمر,دي الترزانغابه,die,,noun,,,new,0,
die Altstadt,المدينة القديمة,دي التزتادت,die,,noun,,,new,0,
die Angabe,المعلومات,دي انغابه,die,,noun,,,new,0,
die Angst,الخوف,دي انغزت,die,,noun,,,new,0,
die Ankunft,الوصول,دي انكونفت,die,,noun,,,new,0,
die Anrede,التحية,دي انرِده,die,,noun,,,new,0,
die Anredeformel,التحية,دي انرِدِفورمل,die,,noun,,,new,0,
die Anruferin,المتصل,دي انروفرين,die,,noun,,,new,0,
die Anweisung,التعليمات,دي انفآيزونغ,die,,noun,,,new,0,
die Anzeige,الإعلان,دي انتسآيغه,die,,noun,,,new,0,
die Apfelsaftschorle,مشروب عصير التفاح الفوار,دي ابفلزافتشورله,die,,noun,,,new,0,
die Apfelschorle,مشروب التفاح الفوار,دي ابفلشورله,die,,noun,,,new,0,
die Apotheke,الصيدلية,دي ابوتهكه,die,,noun,,,new,0,
die App,التطبيق,دي ابب,die,,noun,,,new,0,
die Arbeitswelt,عالم العمل,دي اربآيتزفلت,die,,noun,,,new,0,
die Architektin,المهندس المعماري,دي ارشيتهكتين,die,,noun,,,new,0,
die Architektur,الهندسة المعمارية,دي ارشيتهكتور,die,,noun,,,new,0,
die Art,النوع,دي ارت,die,,noun,,,new,0,
die Arzthelferin,المساعد الطبي,دي ارتستلفرين,die,,noun,,,new,0,
die Arztkleidung,زي الطبيب,دي ارتستكلآيدونغ,die,,noun,,,new,0,
die Arztpraxis,عيادة الطبيب,دي ارتستبراكسيز,die,,noun,,,new,0,
die Assoziation,الجمعية,دي اززوتسياتسيون,die,,noun,,,new,0,
die Atmosphäre,الجو,دي اتموزفيره,die,,noun,,,new,0,
die Attraktion,عامل الجذب,دي اتتراكتسيون,die,,noun,,,new,0,
die Aufforderung,الطلب,دي آوففوردرونغ,die,,noun,,,new,0,
die Aufgabe,المهمة,دي آوفغابه,die,,noun,,,new,0,
die Augenoptikerin,أخصائي البصريات,دي آوغنوبتيكرين,die,,noun,,,new,0,
die Aushilfe,العامل المؤقت,دي آوزهيلفه,die,,noun,,,new,0,
die Auskunft,المعلومات,دي آوزكونفت,die,,noun,,,new,0,
die Ausstellung,المعرض,دي آوززتللونغ,die,,noun,,,new,0,
die Autobahn,الطريق السريع,دي آوتوباهن,die,,noun,,,new,0,
die Autobiografie,السيرة الذاتية,دي آوتوبيوغرافي,die,,noun,,,new,0,
die Babykleidung,ملابس الأطفال,دي بابيكلآيدونغ,die,,noun,,,new,0,
die Badehose,سروال السباحة,دي بادِهوزه,die,,noun,,,new,0,
die Bademode,ملابس السباحة,دي بادِموده,die,,noun,,,new,0,
die Bahn,القطار,دي باهن,die,,noun,,,new,0,
die Bahnhofshalle,قاعة المحطة,دي باهنهوفزهالله,die,,noun,,,new,0,
die Banane,الموز,دي بانانه,die,,noun,,,new,0,
die Band,الفرقة,دي باند,die,,noun,,,new,0,
die Bankkarte,بطاقة البنك,دي بانككارته,die,,noun,,,new,0,
die Bankkauffrau,موظف البنك,دي بانككآوففرآو,die,,noun,,,new,0,
die Bar,البار,دي بار,die,,noun,,,new,0,
die Bauchschmerzen,ألم في المعدة,دي بآوششمرتسن,die,,noun,,,new,0,
die Baustelle,موقع البناء,دي بآوزتلله,die,,noun,,,new,0,
die Bauzeit,فترة البناء,دي بآوتسآيت,die,,noun,,,new,0,
die Beamtin,المسؤول,دي بهامتين,die,,noun,,,new,0,
die Begeisterung,الحماس,دي بهغآيزترونغ,die,,noun,,,new,0,
die Behinderung,الإعاقة,دي بههيندرونغ,die,,noun,,,new,0,
die Behörde,السلطة,دي بههورده,die,,noun,,,new,0,
die Beiz,الحانة,دي بآيتس,die,,noun,,,new,0,
die Bergtour,جولة جبلية,دي برغتوور,die,,noun,,,new,0,
die Berufserfahrung,الخبرة المهنية,دي بروفزرفاهرونغ,die,,noun,,,new,0,
die Berufsschule,المدرسة المهنية,دي بروفزشوله,die,,noun,,,new,0,
die Besprechung,الاجتماع,دي بهزبرِشونغ,die,,noun,,,new,0,
die Bestellung,الطلب,دي بهزتللونغ,die,,noun,,,new,0,
die Besucherin,الزائر,دي بهزوخرين,die,,noun,,,new,0,
die Betonung,التأكيد,دي بهتونونغ,die,,noun,,,new,0,
die Bewegung,الحركة,دي بهفِغونغ,die,,noun,,,new,0,
die Bewerbung,التطبيق,دي بهفربونغ,die,,noun,,,new,0,
die Bewohnerin,المقيم,دي بهفوهنرين,die,,noun,,,new,0,
die Bezahlung,الدفع,دي بهتساهلونغ,die,,noun,,,new,0,
die Bibliothek,المكتبة,دي بيبليوتهك,die,,noun,,,new,0,
die Bildgeschichte,قصة مصورة,دي بيلدغهشيشته,die,,noun,,,new,0,
die Birne,الكمثرى,دي بيرنه,die,,noun,,,new,0,
die Bitte,الطلب,دي بيته,die,,noun,,,new,0,
die Blume,الزهرة,دي بلومه,die,,noun,,,new,0,
die Bluse,البلوزة,دي بلوزه,die,,noun,,,new,0,
die Brücke,الجسر,دي بروكه,die,,noun,,,new,0,
die Burg,القلعة,دي بورغ,die,,noun,,,new,0,
die Busfahrerin,سائق الحافلة,دي بوزفاهررين,die,,noun,,,new,0,
die Butter,الزبدة,دي بوتتر,die,,noun,,,new,0,
die Bäckerei,المخبز,دي بيكرآي,die,,noun,,,new,0,
die Bühne,المسرح,دي بوهنه,die,,noun,,,new,0,
die Cafeteria,الكافتيريا,دي كافِتريا,die,,noun,,,new,0,
die CD,القرص المضغوط,دي كد,die,,noun,,,new,0,
die Chance,الفرصة,دي شانكه,die,,noun,,,new,0,
die Chefin,المدير,دي شِفين,die,,noun,,,new,0,
die Chips,رقائق البطاطس,دي شيبز,die,,noun,,,new,0,
die Clubdisco,ديسكو النادي,دي كلوبديزكو,die,,noun,,,new,0,
die Computerarbeit,العمل على الكمبيوتر,دي كومبوتراربآيت,die,,noun,,,new,0,
die Computerfirma,شركة الكمبيوتر,دي كومبوترفيرما,die,,noun,,,new,0,
die Dame,السيدة,دي دامه,die,,noun,,,new,0,
die Damenmode,أزياء نسائية,دي دامنموده,die,,noun,,,new,0,
die Dankeskarte,بطاقة الشكر,دي دانكهزكارته,die,,noun,,,new,0,
die Datei,الملف,دي داتآي,die,,noun,,,new,0,
die Dauer,المدة,دي دآور,die,,noun,,,new,0,
die Decke,السقف,دي دِكه,die,,noun,,,new,0,
die Delikatesse,الطعام الشهي,دي دليكاتهززه,die,,noun,,,new,0,
die Designerin,المصمم,دي دِزيغنرين,die,,noun,,,new,0,
die Digitalisierung,الرقمنة,دي ديغيتاليزيرونغ,die,,noun,,,new,0,
die Direktorin,المخرج,دي ديرِكتورين,die,,noun,,,new,0,
die Disco,الديسكو,دي ديزكو,die,,noun,,,new,0,
die Doktorin,الطبيب,دي دوكتورين,die,,noun,,,new,0,
die Dose,الصفيح,دي دوزه,die,,noun,,,new,0,
die Durchsage,الإعلان,دي دورشزاغه,die,,noun,,,new,0,
die Dusche,الدش,دي دوشه,die,,noun,,,new,0,
die E-Mail-Adresse,عنوان البريد الإلكتروني,دي ه-مآيل-ادرِززه,die,,noun,,,new,0,
die Ecke,الزاوية,دي ِكه,die,,noun,,,new,0,
die Ehefrau,الزوجة,دي ِهِفرآو,die,,noun,,,new,0,
die Einbürgerung,التجنس,دي آينبورغرونغ,die,,noun,,,new,0,
die Einladung,الدعوة,دي آينلادونغ,die,,noun,,,new,0,
die Einladungs-Mail,رسالة البريد الإلكتروني للدعوة,دي آينلادونغز-مآيل,die,,noun,,,new,0,
die Einweihungsfeier,حفل الافتتاح,دي آينفآيهونغزفآير,die,,noun,,,new,0,
die Elektrikerin,الكهربائي,دي لِكتريكرين,die,,noun,,,new,0,
die Emotion,العاطفة,دي ِموتسيون,die,,noun,,,new,0,
die Empfängerin,المتلقي,دي ِمبفينغرين,die,,noun,,,new,0,
die Endung,النهاية,دي ندونغ,die,,noun,,,new,0,
die Englischlehrerin,مدرس اللغة الإنجليزية,دي نغليشلِهررين,die,,noun,,,new,0,
die Enkelin,الحفيدة,دي نكلين,die,,noun,,,new,0,
die Entertainerin,الفنان,دي نترتآينرين,die,,noun,,,new,0,
die Entscheidung,القرار,دي نتشآيدونغ,die,,noun,,,new,0,
die Entschuldigung,الاعتذار,دي نتشولديغونغ,die,,noun,,,new,0,
die Entspannung,استرخاء,دي نتزباننونغ,die,,noun,,,new,0,
die Erfahrung,التجربة,دي رفاهرونغ,die,,noun,,,new,0,
die Erfindung,الاختراع,دي رفيندونغ,die,,noun,,,new,0,
die Erholung,التعافي,دي رهولونغ,die,,noun,,,new,0,
die Erlaubnis,الإذن,دي رلآوبنيز,die,,noun,,,new,0,
die Ermäßigung,الخصم,دي رميسيغونغ,die,,noun,,,new,0,
die Erzieherin,معلمة رياض الأطفال,دي رتسيهرين,die,,noun,,,ignored,0,أبلغ المستخدم عن مشكلة لغوية أو بياناتية
die Fabrik,المصنع,دي فابريك,die,,noun,,,new,0,
die Fachoberschule,المدرسة الثانوية المهنية,دي فاخوبرشوله,die,,noun,,,new,0,
die Fahrerin,السائق,دي فاهررين,die,,noun,,,new,0,
die Fahrkarte,التذكرة,دي فاهركارته,die,,noun,,,new,0,
die Fahrradtour,جولة الدراجات,دي فاهررادتوور,die,,noun,,,new,0,
die Fantasie,الخيال,دي فانتازي,die,,noun,,,new,0,
die Farbe,اللون,دي فاربه,die,,noun,,,new,0,
die Feier,الحزب,دي فآير,die,,noun,,,new,0,
die Ferien,العطلات,دي فرين,die,,noun,,,new,0,
die Fernfahrerin,سائق الشاحنة,دي فرنفاهررين,die,,noun,,,new,0,
die Fernsehproduktion,الإنتاج التلفزيوني,دي فرنزِهبرودوكتسيون,die,,noun,,,new,0,
die Feuerwehr,إدارة الإطفاء,دي فأويرفِهر,die,,noun,,,new,0,
die Filmbeschreibung,وصف الفيلم,دي فيلمبهشرآيبونغ,die,,noun,,,new,0,
die Filmmusik,موسيقى الفيلم,دي فيلمموزيك,die,,noun,,,new,0,
die Filmproduktion,إنتاج الفيلم,دي فيلمبرودوكتسيون,die,,noun,,,new,0,
die Fitness-App,تطبيق اللياقة البدنية,دي فيتنِزز-ابب,die,,noun,,,new,0,
die Flasche,الزجاجة,دي فلاشه,die,,noun,,,new,0,
die Form,النموذج,دي فورم,die,,noun,,,new,0,
die Formulierung,الصياغة,دي فورموليرونغ,die,,noun,,,new,0,
die Fortsetzung,الجزء الثاني,دي فورتزِتسونغ,die,,noun,,,new,0,
die Fotografin,المصور,دي فوتوغرافين,die,,noun,,,new,0,
die Frage,السؤال,دي فراغه,die,,noun,,,new,0,
die Freiheit,حرية,دي فرآيهآيت,die,,noun,,,new,0,
die Freizeit,وقت الفراغ,دي فرآيتسآيت,die,,noun,,,new,0,
die Freizeitaktivität,النشاط الترفيهي,دي فرآيتسآيتاكتيفيتيت,die,,noun,,,new,0,
die Freizeitkleidung,ملابس رياضية مريحة,دي فرآيتسآيتكلآيدونغ,die,,noun,,,new,0,
die Fremdsprache,اللغة الأجنبية,دي فرِمدزبراخه,die,,noun,,,new,0,
die Freude,الفرح,دي فرأويده,die,,noun,,,new,0,
die Freundschaft,الصداقة,دي فرأويندشافت,die,,noun,,,new,0,
die Friseurin,مصفف الشعر,دي فريزأويرين,die,,noun,,,new,0,
die Führerscheinprüfung,اختبار القيادة,دي فوهررشآينبروفونغ,die,,noun,,,new,0,
die Gabel,الشوكة,دي غابل,die,,noun,,,new,0,
die Geburt,الولادة,دي غهبورت,die,,noun,,,new,0,
die Geburtstagsparty,حفلة عيد الميلاد,دي غهبورتزتاغزبارتي,die,,noun,,,new,0,
die Geige,الكمان,دي غآيغه,die,,noun,,,new,0,
die Geldbörse,المحفظة,دي غلدبورزه,die,,noun,,,new,0,
die Gemeinsamkeit,القاسم المشترك,دي غهمآينزامكآيت,die,,noun,,,new,0,
die Gesamtschule,المدرسة الشاملة,دي غهزامتشوله,die,,noun,,,new,0,
die Geschichte,القصة,دي غهشيشته,die,,noun,,,new,0,
die Geschäftsreise,رحلة عمل,دي غهشيفتزرآيزه,die,,noun,,,new,0,
die Glückwunschkarte,بطاقة المعايدة,دي غلوكفونشكارته,die,,noun,,,due,0,
die Grafik,الرسم البياني,دي غرافيك,die,,noun,,,new,0,
die Grafikerin,مصمم الجرافيك,دي غرافيكرين,die,,noun,,,new,0,
die Grammatikaufgabe,تمرين القواعد,دي غرامماتيكآوفغابه,die,,noun,,,new,0,
die Grenze,الحدود,دي غرنتسه,die,,noun,,,new,0,
die Grillparty,حفلة الشواء,دي غريللبارتي,die,,noun,,,new,0,
die Grippe,الإنفلونزا,دي غريببه,die,,noun,,,new,0,
die Großeltern,الأجداد,دي غروسلترن,die,,noun,,,new,0,
die Grundschule,المدرسة الابتدائية,دي غروندشوله,die,,noun,,,new,0,
die Gruppe,المجموعة,دي غروببه,die,,noun,,,new,0,
die Grußformel,التحية,دي غروسفورمل,die,,noun,,,new,0,
die Größe,الحجم,دي غروِسه,die,,noun,,,new,0,
die Gurke,الخيار,دي غوركه,die,,noun,,,new,0,
die Gärtnerin,البستاني,دي غيرتنرين,die,,noun,,,new,0,
die Halbe Stunde,نصف ساعة,دي هالبه شتونده,die,,phrase,,,new,0,
die Halsschmerzen,التهاب الحلق,دي هالزشمرتسن,die,,noun,,,new,0,
die Haltestelle,موقف الحافلات,دي هالتهزتلله,die,,noun,,,new,0,
die Hand,اليد,دي هاند,die,,noun,,,new,0,
die Handlung,الحبكة,دي هاندلونغ,die,,noun,,,new,0,
die Handtasche,حقيبة اليد,دي هاندتاشه,die,,noun,,,new,0,
die Handwerkerin,الحرفية,دي هاندفركرين,die,,noun,,,new,0,
die Handynummer,رقم الهاتف المحمول,دي هاندينوممر,die,,noun,,,new,0,
die Hauptperson,الشخصية الرئيسية,دي هآوبتبرزون,die,,noun,,,new,0,
die Hauptsache,الشيء الرئيسي,دي هآوبتزاخه,die,,noun,,,new,0,
die Hauptschule,المدرسة الثانوية,دي هآوبتشوله,die,,noun,,,new,0,
die Hauptstadt,العاصمة,دي هآوبتزتادت,die,,noun,,,new,0,
die Hausaufgabe,الواجب المنزلي,دي هآوزآوفغابه,die,,noun,,,new,0,
die Haushaltswaren,الأدوات المنزلية,دي هآوزهالتزفارن,die,,noun,,,new,0,
die Hausmeisterin,القائم على الرعاية,دي هآوزمآيزترين,die,,noun,,,new,0,
die Hausnummer,رقم المنزل,دي هآوزنوممر,die,,noun,,,new,0,
die Heimat,الوطن,دي هآيمات,die,,noun,,,new,0,
die Herrenmode,أزياء الرجال,دي هررنموده,die,,noun,,,new,0,
die Herzchirurgin,جراح القلب,دي هرتسشيرورغين,die,,noun,,,new,0,
die Himmelsrichtung,الاتجاه الأصلي,دي هيمملزريشتونغ,die,,noun,,,new,0,
die Hinfahrt,الرحلة الخارجية,دي هينفاهرت,die,,noun,,,new,0,
die Hitze,الحرارة,دي هيتسه,die,,noun,,,new,0,
die Hochzeit,حفل الزفاف,دي هوختسآيت,die,,noun,,,new,0,
die Homepage,الصفحة الرئيسية,دي هومِباغه,die,,noun,,,new,0,
die Hose,البنطال,دي هوزه,die,,noun,,,new,0,
die Hotelchefin,مدير الفندق,دي هوتلشِفين,die,,noun,,,new,0,
die Hotelkauffrau,مدير الفندق,دي هوتلكآوففرآو,die,,noun,,,new,0,
die Händlerin,التاجر,دي هيندلرين,die,,noun,,,new,0,
die Höflichkeit,اللباقة,دي هوِفليشكآيت,die,,noun,,,new,0,
die Hühnersuppe,حساء الدجاج,دي هوهنرزوببه,die,,noun,,,new,0,
die Idee,الفكرة,دي يده,die,,noun,,,new,0,
die Individualistin,الفرداني,دي ينديفيدواليزتين,die,,noun,,,new,0,
die Informatikerin,عالم الحاسوب,دي ينفورماتيكرين,die,,noun,,,new,0,
die Information,المعلومات,دي ينفورماتسيون,die,,noun,,,new,0,
die Ingenieurin,المهندس,دي ينغنيأويرين,die,,noun,,,new,0,
die Insel,الجزيرة,دي ينزل,die,,noun,,,new,0,
die Ja-/Nein-Frage,سؤال نعم/لا,دي يا-/ناين-فراغه,die,,noun,,,new,0,
die Jacke,السترة,دي ياكه,die,,noun,,,new,0,
die Jahreszeit,الموسم,دي ياهرِزتسآيت,die,,noun,,,new,0,
die Jeans,الجينز,دي يِانز,die,,noun,,,new,0,
die Journalistin,الصحفي,دي يوورناليزتين,die,,noun,,,new,0,
die Jugendherberge,النزل,دي يوغندهربرغه,die,,noun,,,new,0,
die Juristin,المحامي,دي يوريزتين,die,,noun,,,new,0,
die Kaffeemaschine,آلة صنع القهوة,دي كاففِِماشينه,die,,noun,,,new,0,
die Kaiserin,الإمبراطورة,دي كآيزرين,die,,noun,,,new,0,
die Kamera,الكاميرا,دي كامرا,die,,noun,,,new,0,
die Kantine,الكافتيريا,دي كانتينه,die,,noun,,,new,0,
die Karriere,المهنة,دي كارريره,die,,noun,,,new,0,
die Karte,الخريطة,دي كارته,die,,noun,,,new,0,
die Kartoffel,البطاطا,دي كارتوففل,die,,noun,,,new,0,
die Kasse,صندوق النقود,دي كاززه,die,,noun,,,new,0,
die Kellnerin,النادلة,دي كللنرين,die,,noun,,,new,0,
die Kenntnis,المعرفة,دي كننتنيز,die,,noun,,,new,0,
die Kindheit,طفولة,دي كيندهآيت,die,,noun,,,new,0,
die Kirche,الكنيسة,دي كيرشه,die,,noun,,,new,0,
die Kiste,الصندوق,دي كيزته,die,,noun,,,new,0,
die Klamotten,الملابس,دي كلاموتتن,die,,noun,,,new,0,
die Klasse,الفصل,دي كلاززه,die,,noun,,,new,0,
die Klassenfahrt,رحلة الفصل,دي كلاززنفاهرت,die,,noun,,,new,0,
die Kneipe,الحانة,دي كنآيبه,die,,noun,,,new,0,
die Kollegin,الزميل,دي كوللِغين,die,,noun,,,new,0,
die Kompetenz,الكفاءة,دي كومبهتنتس,die,,noun,,,new,0,
die Komödie,الكوميديا,دي كوموِدي,die,,noun,,,new,0,
die Kontonummer,رقم الحساب,دي كونتونوممر,die,,noun,,,new,0,
die Kontrolle,التحكم,دي كونترولله,die,,noun,,,new,0,
die Konzertkarte,تذكرة الحفل,دي كونتسرتكارته,die,,noun,,,new,0,
die Kopfschmerzen,الصداع,دي كوبفشمرتسن,die,,noun,,,new,0,
die Kosmetik,مستحضرات التجميل,دي كوزمِتيك,die,,noun,,,new,0,
die Kosten,التكاليف,دي كوزتن,die,,noun,,,new,0,
die Krankenpflegerin,الممرضة,دي كرانكنبفلِغرين,die,,noun,,,new,0,
die Krankenschwester,الممرضة,دي كرانكنشفِزتر,die,,noun,,,new,0,
die Krankheit,المرض,دي كرانكهآيت,die,,noun,,,new,0,
die Krawatte,ربطة العنق,دي كرافاتته,die,,noun,,,new,0,
die Kultur-Nacht,ليلة الثقافة,دي كولتور-ناخت,die,,noun,,,new,0,
die Kundin,العميل,دي كوندين,die,,noun,,,new,0,
die Kunst,فن,دي كونزت,die,,noun,,,new,0,
die Kunsthalle,معرض الفنون,دي كونزتالله,die,,noun,,,new,0,
die Kurspartnerin,شريك الدورة,دي كورزبارتنرين,die,,noun,,,new,0,
die Kursstatistik,إحصائيات الدورة,دي كورززتاتيزتيك,die,,noun,,,new,0,
die Kurzbeschreibung,الوصف المختصر,دي كورتسبهشرآيبونغ,die,,noun,,,new,0,
die Kurzform,الشكل المختصر,دي كورتسفورم,die,,noun,,,new,0,
die Köchin,الطباخ,دي كوِشين,die,,noun,,,new,0,
die Küche,المطبخ,دي كوشه,die,,noun,,,new,0,
die Künstlerin,الفنان,دي كونزتلرين,die,,noun,,,new,0,
die Laborantin,فني المختبر,دي لابورانتين,die,,noun,,,new,0,
die Lage,الموقع,دي لاغه,die,,noun,,,new,0,
die Lampe,المصباح,دي لامبه,die,,noun,,,new,0,
die Landschaft,المناظر الطبيعية,دي لاندشافت,die,,noun,,,new,0,
die Laune,المزاج,دي لآونه,die,,noun,,,new,0,
die Lehre,التدريس,دي لِهره,die,,noun,,,new,0,
die Lehrerin,المعلم,دي لِهررين,die,,noun,,,new,0,
die Leiterin,المخرج,دي لآيترين,die,,noun,,,due,0,
die Lernerfahrung,تجربة التعلم,دي لرنرفاهرونغ,die,,noun,,,new,0,
die Lernkarte,البطاقة التعليمية,دي لرنكارته,die,,noun,,,new,0,
die Leute,الناس,دي لأويته,die,,noun,,,new,0,
die Liebe,حب,دي ليبه,die,,noun,,,new,0,
die Lieblingsfarbe,اللون المفضل,دي ليبلينغزفاربه,die,,noun,,,new,0,
die Limonade,عصير الليمون,دي ليموناده,die,,noun,,,new,0,
die Liste,القائمة,دي ليزته,die,,noun,,,new,0,
die Lust,الشهوة,دي لوزت,die,,noun,,,new,0,
die Lösung,الحل,دي لوِزونغ,die,,noun,,,new,0,
die Mahlzeit,الوجبة,دي ماهلتسآيت,die,,noun,,,new,0,
die Mail,البريد الإلكتروني,دي مآيل,die,,noun,,,new,0,
die Malerin,الرسام,دي مالرين,die,,noun,,,new,0,
die Marmelade,المربى,دي مارملاده,die,,noun,,,new,0,
die Maschine,الآلة,دي ماشينه,die,,noun,,,new,0,
die Maus,الفأر,دي مآوز,die,,noun,,,new,0,
die Mechanikerin,الميكانيكي,دي مِشانيكرين,die,,noun,,,new,0,
die Medaille,الميدالية,دي مِدآيلله,die,,noun,,,new,0,
die Medien,وسائل الإعلام,دي مِدين,die,,noun,,,new,0,
die Medizinerin,الطبيب,دي مِديتسينرين,die,,noun,,,new,0,
die meisten,معظم,دي مآيزتن,die,,noun,,,new,0,
die Mensa,الكافتيريا,دي منزا,die,,noun,,,new,0,
die Messe,المعرض,دي مِززه,die,,noun,,,new,0,
die Methode,الطريقة,دي مِتوده,die,,noun,,,new,0,
die Metzgerei,محل الجزارة,دي مِتسغرآي,die,,noun,,,new,0,
die Milch,الحليب,دي ميلش,die,,noun,,,new,0,
die Milliarde,المليار,دي ميلليارده,die,,noun,,,new,0,
die Million,المليون,دي ميلليون,die,,noun,,,new,0,
die Mindmap,خريطة ذهنية,دي ميندماب,die,,noun,,,new,0,
die Minute,الدقيقة,دي مينوته,die,,noun,,,new,0,
die Mitarbeiterin,الموظف,دي ميتاربآيترين,die,,noun,,,new,0,
die Mittagspause,استراحة الغداء,دي ميتتاغزبآوزه,die,,noun,,,new,0,
die Mitte,الوسط,دي ميتته,die,,noun,,,new,0,
die Mode,موضة,دي موده,die,,noun,,,new,0,
die Modedesignerin,مصمم الأزياء,دي مودِدِزيغنرين,die,,noun,,,new,0,
die Modeschule,مدرسة الأزياء,دي مودِشوله,die,,noun,,,new,0,
die Museumsnacht,ليلة المتحف,دي موزأويمزناخت,die,,noun,,,new,0,
die Musik,الموسيقى,دي موزيك,die,,noun,,,new,0,
die Musikerin,الموسيقي,دي موزيكرين,die,,noun,,,new,0,
die Musikgruppe,الفرقة الموسيقية,دي موزيكغروببه,die,,noun,,,new,0,
die Musikproduktion,إنتاج الموسيقى,دي موزيكبرودوكتسيون,die,,noun,,,new,0,
die Musikschule,مدرسة الموسيقى,دي موزيكشوله,die,,noun,,,new,0,
die Mutter,الأم,دي موتتر,die,,noun,,,new,0,
die Muttersprache,اللغة الأم,دي موتترزبراخه,die,,noun,,,new,0,
die Möglichkeit,الاحتمال,دي موِغليشكآيت,die,,noun,,,new,0,
die Müllabfuhr,جمع القمامة,دي موللابفوهر,die,,noun,,,new,0,
die Mülltonne,سلة المهملات,دي موللتوننه,die,,noun,,,new,0,
die Mütze,الغطاء,دي موتسه,die,,noun,,,new,0,
die Nachbarin,الجار,دي ناخبارين,die,,noun,,,new,0,
die Nachrichten,الأخبار,دي ناخريشتن,die,,noun,,,new,0,
die Nacht,الليلة,دي ناخت,die,,noun,,,new,0,
die Nase,الأنف,دي نازه,die,,noun,,,new,0,
die Nation,الأمة,دي ناتسيون,die,,noun,,,new,0,
die Natur,الطبيعة,دي ناتور,die,,noun,,,new,0,
die Nelke,القرنفل,دي نلكه,die,,noun,,,new,0,
die Note,الدرجة,دي نوته,die,,noun,,,new,0,
die Notiz,الملاحظة,دي نوتيتس,die,,noun,,,new,0,
die Notärztin,طبيب الطوارئ,دي نوتيرتستين,die,,noun,,,new,0,
die Nudel,النودلز,دي نودل,die,,noun,,,new,0,
die Nummer,الرقم,دي نوممر,die,,noun,,,new,0,
die Nähe,القرب,دي نيهه,die,,noun,,,new,0,
die Oberärztin,كبير الأطباء,دي وبريرتستين,die,,noun,,,new,0,
die Olive,الزيتون,دي وليفه,die,,noun,,,new,0,
die Oma,الجدة,دي وما,die,,noun,,,new,0,
die Oper,الأوبرا,دي وبر,die,,noun,,,new,0,
die Operation,العملية,دي وبراتسيون,die,,noun,,,new,0,
die Ordinalzahl,العدد الترتيبي,دي وردينالتساهل,die,,noun,,,new,0,
die Ordnung,الطلب,دي وردنونغ,die,,noun,,,new,0,
die Ortsangabe,الموقع,دي ورتزانغابه,die,,noun,,,new,0,
die Ortsveränderung,تغيير الموقع,دي ورتزفريندرونغ,die,,noun,,,new,0,
die Packung,الحزمة,دي باكونغ,die,,noun,,,new,0,
die Pantomime,التمثيل الصامت,دي بانتوميمه,die,,noun,,,new,0,
die Papiere,الأوراق,دي بابيره,die,,noun,,,new,0,
die Parfümerie,صناعة العطور,دي بارفومري,die,,noun,,,new,0,
die Partnerin,الشريك,دي بارتنرين,die,,noun,,,new,0,
die Party,الحزب,دي بارتي,die,,noun,,,new,0,
die Patientin,المريض,دي باتينتين,die,,noun,,,new,0,
die Pause,الاستراحة,دي بآوزه,die,,noun,,,new,0,
die Pension,المعاش التقاعدي,دي بنزيون,die,,noun,,,new,0,
die Person,الشخص,دي برزون,die,,noun,,,new,0,
die Pflanze,النبات,دي بفلانتسه,die,,noun,,,new,0,
die Physiotherapeutin,أخصائي العلاج الطبيعي,دي فيزيوترابأويتين,die,,noun,,,new,0,
die Physiotherapie,العلاج الطبيعي,دي فيزيوترابي,die,,noun,,,new,0,
die Pizza,البيتزا,دي بيتستسا,die,,noun,,,new,0,
die Pluralendung,نهاية الجمع,دي بلورالندونغ,die,,noun,,,new,0,
die Pluralform,صيغة الجمع,دي بلورالفورم,die,,noun,,,new,0,
die Politik,سياسة,دي بوليتيك,die,,noun,,,new,0,
die Politikerin,السياسي,دي بوليتيكرين,die,,noun,,,new,0,
die Polizei,الشرطة,دي بوليتسآي,die,,noun,,,new,0,
die Polizistin,الشرطية,دي بوليتسيزتين,die,,noun,,,new,0,
die Pommes,البطاطس المقلية,دي بوممِز,die,,noun,,,new,0,
die Pommes frites,البطاطس المقلية,دي بوممِز فريتهز,die,,phrase,,,new,0,
die Position,المنصب,دي بوزيتسيون,die,,noun,,,new,0,
die Post,المنشور,دي بوزت,die,,noun,,,new,0,
die Postkarte,البطاقة البريدية,دي بوزتكارته,die,,noun,,,new,0,
die Postleitzahl,الرمز البريدي,دي بوزتلآيتساهل,die,,noun,,,new,0,
die Praxis,الممارسة,دي براكسيز,die,,noun,,,new,0,
die Produktion,الإنتاج,دي برودوكتسيون,die,,noun,,,new,0,
die Professorin,الأستاذ,دي بروفِززورين,die,,noun,,,new,0,
die Präposition,حرف الجر,دي بريبوزيتسيون,die,,noun,,,new,0,
die Präsentation,العرض التقديمي,دي بريزنتاتسيون,die,,noun,,,new,0,
die Prüfung,الامتحان,دي بروفونغ,die,,noun,,,new,0,
die Pünktlichkeit,الالتزام بالمواعيد,دي بونكتليشكآيت,die,,noun,,,new,0,
die Radiosendung,البرنامج الإذاعي,دي راديوزندونغ,die,,noun,,,new,0,
die Reaktion,التفاعل,دي رِاكتسيون,die,,noun,,,new,0,
die Realschule,المدرسة الثانوية,دي رِالشوله,die,,noun,,,new,0,
die Regel,القاعدة,دي رِغل,die,,noun,,,new,0,
die Regenjacke,معطف المطر,دي رِغنياكه,die,,noun,,,new,0,
die Regisseurin,المخرج,دي رِغيززأويرين,die,,noun,,,new,0,
die Reihenfolge,الترتيب الزمني,دي رآيهنفولغه,die,,noun,,,new,0,
die Reise,الرحلة,دي رآيزه,die,,noun,,,new,0,
die Reiseführerin,المرشد السياحي,دي رآيزِفوهررين,die,,noun,,,new,0,
die Reisetasche,حقيبة السفر,دي رآيزِتاشه,die,,noun,,,new,0,
die Religion,دِين,دي رليغيون,die,,noun,,,new,0,
die Rentnerin,المتقاعد,دي رنتنرين,die,,noun,,,new,0,
die Reservierung,الحجز,دي رِزرفيرونغ,die,,noun,,,new,0,
die Rezeption,حفل الاستقبال,دي رِتسِبتسيون,die,,noun,,,new,0,
die Rolle,الدور,دي رولله,die,,noun,,,new,0,
die Rollenkarte,بطاقة الدور,دي روللنكارته,die,,noun,,,new,0,
die Route,الطريق,دي رووته,die,,noun,,,new,0,
die Ruhe,السلام,دي روهه,die,,noun,,,new,0,
die Runde,الجولة,دي رونده,die,,noun,,,new,0,
die Rückenschmerzen,ألم الظهر,دي روكنشمرتسن,die,,noun,,,new,0,
die Rückfahrt,رحلة العودة,دي روكفاهرت,die,,noun,,,new,0,
die Rückmeldung,التعليقات,دي روكملدونغ,die,,noun,,,new,0,
die S-Bahn,قطار الأنفاق إس-بان,دي ز-باهن,die,,noun,,,new,0,
die Sache,المسألة,دي زاخه,die,,noun,,,new,0,
die Sahne,الكريم,دي زاهنه,die,,noun,,,new,0,
die Saison,الموسم,دي زآيزون,die,,noun,,,new,0,
die Salami,السلامي,دي زالامي,die,,noun,,,new,0,
die Salbe,المرهم,دي زالبه,die,,noun,,,new,0,
die Satzklammer,قوس الجملة,دي زاتسكلاممر,die,,noun,,,new,0,
die Satzmelodie,لحن الجملة,دي زاتسملودي,die,,noun,,,new,0,
die Schaffnerin,قائد الأوركسترا,دي شاففنرين,die,,noun,,,new,0,
die Schauspielerin,الممثلة,دي شآوزبيلرين,die,,noun,,,new,0,
die Schlaftablette,حبوب النوم,دي شلافتابلِتته,die,,noun,,,new,0,
die Schokolade,الشوكولاتة,دي شوكولاده,die,,noun,,,new,0,
die Schreibwaren,الأدوات المكتبية,دي شرآيبفارن,die,,noun,,,new,0,
die Schule,المدرسة,دي شوله,die,,noun,,,new,0,
die Schulkleidung,الزي المدرسي,دي شولكلآيدونغ,die,,noun,,,new,0,
die Schulplattform,المنصة المدرسية,دي شولبلاتتفورم,die,,noun,,,new,0,
die Schultüte,مخروط المدرسة,دي شولتوته,die,,noun,,,new,0,
die Schuluniform,الزي المدرسي,دي شولونيفورم,die,,noun,,,new,0,
die Schulzeit,أيام الدراسة,دي شولتسآيت,die,,noun,,,new,0,
die Schweiz,سويسرا,دي شفآيتس,die,,noun,,,new,0,
die Schülerin,الطالب,دي شولرين,die,,noun,,,new,0,
die Segellehrerin,مدرب الإبحار,دي زِغللِهررين,die,,noun,,,new,0,
die Segelregatta,سباق القوارب الشراعية,دي زِغلرِغاتتا,die,,noun,,,new,0,
die Seglerin,البحار,دي زِغلرين,die,,noun,,,new,0,
die Sehenswürdigkeit,المنظر,دي زِهنزفورديغكآيت,die,,noun,,,new,0,
die Seife,الصابون,دي زآيفه,die,,noun,,,new,0,
die Seite,الصفحة,دي زآيته,die,,noun,,,new,0,
die Sekretärin,السكرتيرة,دي زِكرِتيرين,die,,noun,,,new,0,
die Sekunde,الثاني,دي زِكونده,die,,noun,,,new,0,
die Selbstbedienung,الخدمة الذاتية,دي زلبزتبهدينونغ,die,,noun,,,new,0,
die Sensation,الإحساس,دي زنزاتسيون,die,,noun,,,new,0,
die Serie,المسلسل,دي زري,die,,noun,,,new,0,
die Serviette,المنديل,دي زرفيتته,die,,noun,,,new,0,
die Sicherheit,السلامة,دي زيشرهآيت,die,,noun,,,new,0,
die Smartwatch,الساعة الذكية,دي زمارتفاتش,die,,noun,,,new,0,
die Solistin,العازف المنفرد,دي زوليزتين,die,,noun,,,new,0,
die Sommerferien,العطلة الصيفية,دي زوممرفرين,die,,noun,,,new,0,
die Sonne,الشمس,دي زوننه,die,,noun,,,new,0,
die Sonnenbrille,النظارات الشمسية,دي زونننبريلله,die,,noun,,,new,0,
die Sonnencreme,واقي الشمس,دي زونننكرِمه,die,,noun,,,new,0,
die Sorge,القلق,دي زورغه,die,,noun,,,new,0,
die Spaghetti,السباغيتي,دي شباغهِتتي,die,,noun,,,new,0,
die Speisekarte,القائمة,دي شبآيزِكارته,die,,noun,,,new,0,
die Spezialität,التخصص,دي شبهتسياليتيت,die,,noun,,,new,0,
die Spielekonsole,جهاز الألعاب,دي شبيلِكونزوله,die,,noun,,,new,0,
die Spielwaren,الألعاب,دي شبيلفارن,die,,noun,,,new,0,
die Sportkleidung,الملابس الرياضية,دي شبورتكلآيدونغ,die,,noun,,,new,0,
die Sportlerin,الرياضي,دي شبورتلرين,die,,noun,,,new,0,
die Sprachnachricht,الرسالة الصوتية,دي شبراخناخريشت,die,,noun,,,new,0,
die Spritze,الحقنة,دي شبريتسه,die,,noun,,,new,0,
die Spülmaschine,غسالة الصحون,دي شبولماشينه,die,,noun,,,new,0,
die Stadt,المدينة,دي شتادت,die,,noun,,,new,0,
die Stadtführung,جولة في المدينة,دي شتادتفوهرونغ,die,,noun,,,new,0,
die Stadttour,جولة في المدينة,دي شتادتتوور,die,,noun,,,new,0,
die Station,المحطة,دي شتاتسيون,die,,noun,,,new,0,
die Statistik,الإحصائيات,دي شتاتيزتيك,die,,noun,,,new,0,
die Statistin,الإضافي,دي شتاتيزتين,die,,noun,,,new,0,
die Stelle,المكان,دي شتلله,die,,noun,,,new,0,
die Stellenanzeige,إعلان الوظيفة,دي شتللنانتسآيغه,die,,noun,,,new,0,
die Strandbar,بار الشاطئ,دي شتراندبار,die,,noun,,,new,0,
die Strategie,الاستراتيجية,دي شتراتهغي,die,,noun,,,new,0,
die Straße,الشارع,دي شتراسه,die,,noun,,,new,0,
die Straßenbahn,الترام,دي شتراسنباهن,die,,noun,,,new,0,
die Straßenreinigung,تنظيف الشوارع,دي شتراسنرآينيغونغ,die,,noun,,,new,0,
die Studentin,الطالب,دي شتودنتين,die,,noun,,,new,0,
die Städtereise,رحلة المدينة,دي شتيدترآيزه,die,,noun,,,new,0,
die Suppe,الحساء,دي زوببه,die,,noun,,,new,0,
die Szene,المشهد,دي زتسنه,die,,noun,,,new,0,
die Sängerin,المغني,دي زينغرين,die,,noun,,,new,0,
die Süßigkeit,الحلو,دي زوسيغكآيت,die,,noun,,,new,0,
die Tabelle,الجدول,دي تابلله,die,,noun,,,new,0,
die Tablette,الجهاز اللوحي,دي تابلِتته,die,,noun,,,new,0,
die Tafel,السبورة البيضاء,دي تافل,die,,noun,,,new,0,
die Tageszeit,وقت اليوم,دي تاغهزتسآيت,die,,noun,,,new,0,
die Tango-Musik,موسيقى التانغو,دي تانغو-موزيك,die,,noun,,,new,0,
die Tante,العمة,دي تانته,die,,noun,,,new,0,
die Tasche,الحقيبة,دي تاشه,die,,noun,,,new,0,
die Tasse,الكأس,دي تاززه,die,,noun,,,new,0,
die Tastatur,لوحة المفاتيح,دي تازتاتور,die,,noun,,,new,0,
die Taxifahrerin,سائق التاكسي,دي تاكسيفاهررين,die,,noun,,,new,0,
die Taxifahrt,رحلة التاكسي,دي تاكسيفاهرت,die,,noun,,,new,0,
die Technik,التكنولوجيا,دي تهشنيك,die,,noun,,,new,0,
die Technikerin,الفني,دي تهشنيكرين,die,,noun,,,new,0,
die Teilzeit,دوام جزئى,دي تآيلتسآيت,die,,noun,,,new,0,
die Telefonkonferenz,المؤتمر الهاتفي,دي تلِفونكونفرنتس,die,,noun,,,new,0,
die Terrasse,الشرفة,دي ترراززه,die,,noun,,,new,0,
die Theatergruppe,فرقة المسرح,دي تهاترغروببه,die,,noun,,,new,0,
die Therapeutin,المعالج,دي ترابأويتين,die,,noun,,,new,0,
die Tiertrainerin,مدرب الحيوانات,دي تيرترآينرين,die,,noun,,,new,0,
die Toilette,المرحاض,دي تويلِتته,die,,noun,,,new,0,
die Tomate,الطماطم,دي توماته,die,,noun,,,new,0,
die Tomatensuppe,حساء الطماطم,دي توماتنزوببه,die,,noun,,,new,0,
die Tour,الجولة,دي توور,die,,noun,,,new,0,
die Touristin,السائح,دي تووريزتين,die,,noun,,,new,0,
die Trainerin,المدرب,دي ترآينرين,die,,noun,,,new,0,
die Trattoria,المطعم الإيطالي,دي تراتتوريا,die,,noun,,,new,0,
die Trendstadt,المدينة العصرية,دي ترندزتادت,die,,noun,,,new,0,
die Treppe,الدرج,دي ترِببه,die,,noun,,,new,0,
die Trompete,البوق,دي ترومبهته,die,,noun,,,new,0,
die Tätigkeit,النشاط,دي تيتيغكآيت,die,,noun,,,new,0,
die Tür,الباب,دي تور,die,,noun,,,new,0,
die Tüte,الحقيبة,دي توته,die,,noun,,,new,0,
die U-Bahn,مترو الأنفاق,دي و-باهن,die,,noun,,,new,0,
die Uhr,الساعة,دي وهر,die,,noun,,,new,0,
die Uhrzeit,الوقت,دي وهرتسآيت,die,,noun,,,new,0,
die Ukraine,أوكرانيا,دي وكرآينه,die,,noun,,,new,0,
die Umfrage,الاستطلاع,دي ومفراغه,die,,noun,,,new,0,
die Uni,الجامعة,دي وني,die,,noun,,,new,0,
die Universität,الجامعة,دي ونيفرزيتيت,die,,noun,,,new,0,
die Unterlagen,الوثائق,دي ونترلاغن,die,,noun,,,new,0,
die Unterrichtszeit,وقت الدرس,دي ونترريشتزتسآيت,die,,noun,,,new,0,
die Unterschrift,التوقيع,دي ونترشريفت,die,,noun,,,new,0,
die Urlaubsnachricht,رسالة العيد,دي ورلآوبزناخريشت,die,,noun,,,new,0,
die USA,الولايات المتحدة الأمريكية,دي وزا,die,,noun,,,new,0,
die Variation,التباين,دي فارياتسيون,die,,noun,,,new,0,
die Verabredung,الموعد,دي فرابرِدونغ,die,,noun,,,new,0,
die Veranstaltung,الحدث,دي فرانزتالتونغ,die,,noun,,,new,0,
die Verkäuferin,البائعة,دي فركأويفرين,die,,noun,,,new,0,
die Vermieterin,صاحبة المنزل,دي فرميترين,die,,noun,,,new,0,
die Vernetzung,التواصل الشبكي,دي فرنِتسونغ,die,,noun,,,new,0,
die Verpackung,التغليف,دي فرباكونغ,die,,noun,,,new,0,
die Verspätung,التأخير,دي فرزبيتونغ,die,,noun,,,new,0,
die Verwaltung,الإدارة,دي فرفالتونغ,die,,noun,,,new,0,
die Verwendung,الاستخدام,دي فرفندونغ,die,,noun,,,new,0,
die Videokonferenz,مؤتمر الفيديو,دي فيدِوكونفرنتس,die,,noun,,,new,0,
die Vokabel,المفردات,دي فوكابل,die,,noun,,,new,0,
die Vorbereitung,التحضير,دي فوربرآيتونغ,die,,noun,,,new,0,
die Vorlesung,المحاضرة,دي فورلِزونغ,die,,noun,,,new,0,
die Vorliebe,التفضيل,دي فورليبه,die,,noun,,,new,0,
die VR-Brille,نظارات الواقع الافتراضي,دي فر-بريلله,die,,noun,,,new,0,
die W-Frage,سؤال W,دي ف-فراغه,die,,noun,,,new,0,
die Ware,البضائع,دي فاره,die,,noun,,,new,0,
die Waschmaschine,الغسالة,دي فاشماشينه,die,,noun,,,new,0,
die Web-Adresse,عنوان الموقع الإلكتروني,دي فِب-ادرِززه,die,,noun,,,new,0,
die Webseite,الموقع الإلكتروني,دي فِبزآيته,die,,noun,,,new,0,
die Wechselpräposition,حرف الجر Wechsel,دي فِشزلبريبوزيتسيون,die,,noun,,,new,0,
die Wegbeschreibung,التعليمات,دي فِغبهشرآيبونغ,die,,noun,,,new,0,
die Weise,الطريق,دي فآيزه,die,,noun,,,new,0,
die Weltreise,رحلة حول العالم,دي فلترآيزه,die,,noun,,,new,0,
die Werbeagentur,وكالة الإعلان,دي فربهاغنتور,die,,noun,,,new,0,
die WG,الشقة المشتركة,دي فغ,die,,noun,,,new,0,
die Winterjacke,السترة الشتوية,دي فينترياكه,die,,noun,,,new,0,
die Woche,الأسبوع,دي فوخه,die,,noun,,,new,0,
die Wohn-Situation,الوضع المعيشي,دي فوهن-زيتواتسيون,die,,noun,,,new,0,
die Wohnfläche,مساحة المعيشة,دي فوهنفليشه,die,,noun,,,new,0,
die Wohnform,نوع السكن,دي فوهنفورم,die,,noun,,,new,0,
die Wohnungsanzeige,إعلان الشقة,دي فوهنونغزانتسآيغه,die,,noun,,,new,0,
die Wohnungssuche,البحث عن شقة,دي فوهنونغززوخه,die,,noun,,,new,0,
die Wolke,السحابة,دي فولكه,die,,noun,,,new,0,
die Wortgruppe,مجموعة الكلمات,دي فورتغروببه,die,,noun,,,new,0,
die Wortliste,قائمة الكلمات,دي فورتليزته,die,,noun,,,new,0,
die Wunde,الجرح,دي فونده,die,,noun,,,overdue,30,
die Wurst,النقانق,دي فورزت,die,,noun,,,new,0,
die Währung,العملة,دي فيهرونغ,die,,noun,,,new,0,
die Zahl,الرقم,دي تساهل,die,,noun,,,new,0,
die Zahnschmerzen,ألم الأسنان,دي تساهنشمرتسن,die,,noun,,,new,0,
die Zahnärztin,طبيب الأسنان,دي تساهنيرتستين,die,,noun,,,new,0,
die Zeichnung,الرسم,دي تسآيشنونغ,die,,noun,,,new,0,
die Zeile,الخط,دي تسآيله,die,,noun,,,new,0,
die Zeit,الوقت,دي تسآيت,die,,noun,,,new,0,
die Zeitangabe,مؤشر الوقت,دي تسآيتانغابه,die,,noun,,,new,0,
die Zeitschrift,المجلة,دي تسآيتشريفت,die,,noun,,,new,0,
die Zeitung,الصحيفة,دي تسآيتونغ,die,,noun,,,new,0,
die Zigarette,السيجارة,دي تسيغارِتته,die,,noun,,,new,0,
die Zugverbindung,وصلة القطار,دي تسوغفربيندونغ,die,,noun,,,new,0,
die Zusammenarbeit,التعاون,دي تسوزاممناربآيت,die,,noun,,,new,0,
die Zuschauerin,المتفرج,دي تسوشآورين,die,,noun,,,new,0,
die Zutat,المكون,دي تسوتات,die,,noun,,,new,0,
die Zwiebel,البصل,دي تسفيبل,die,,noun,,,new,0,
die Ärztin,الطبيب,دي يرتستين,die,,noun,,,new,0,
die Äußerung,البيان,دي أويسرونغ,die,,noun,,,new,0,
die Öffnungszeiten,ساعات العمل,دي وِففنونغزتسآيتن,die,,noun,,,new,0,
die Überraschung,المفاجأة,دي وبرراشونغ,die,,noun,,,new,0,
die Überschrift,العنوان,دي وبرشريفت,die,,noun,,,new,0,
die Übersetzerin,المترجم,دي وبرزِتسرين,die,,noun,,,new,0,
die Überstunde,العمل الإضافي,دي وبرزتونده,die,,noun,,,new,0,
die Übung,التمرين,دي وبونغ,die,,noun,,,new,0,
die/das Cola,الكولا,دي/داس كولا,,,phrase,,,new,0,
die/das Tram,الترام,دي/داس ترام,,,phrase,,,learning,20,
diese,هذا,ديزه,,,word,,,new,0,
dir,أنت,دير,,,word,,,new,0,
direkt,مباشر,ديرِكت,,,word,,,new,0,
dirigieren,سلوك,ديريغيرن,,,word,,,new,0,
diskutieren,يناقش,ديزكوتيرن,,,word,,,new,0,
doof,أحمق,دووف,,,word,,,new,0,
doppelt,مزدوج,دوببلت,,,word,,,new,0,
downloaden,تحميل,دوفنلوادن,,,word,,,new,0,
drankommen,حان دورك,درانكوممن,,,word,,,new,0,
draußen,الخارج,درآوسن,,,word,,,new,0,
drei,ثلاثة,درآي,,,word,,,new,0,
dreimal,ثلاث مرات,درآيمال,,,word,,,new,0,
dreizehn,ثلاثة عشر,درآيتسِهن,,,word,,,new,0,
dreißig,ثلاثون,درآيسيغ,,,word,,,new,0,
dringend,عاجل,درينغند,,,word,,,new,0,
dritt,ثالث,دريتت,,,word,,,new,0,
drucken,يضعط,دروكن,,,word,,,new,0,
drücken,يضعط,دروكن,,,word,,,new,0,
du,أنت,دو,,,word,,,new,0,
dumm,أحمق,دومم,,,word,,,new,0,
dunkel,مظلم,دونكل,,,word,,,new,0,
durch (+ A.),بواسطة (+ أ.),دورش (+ ا.),,,phrase,,,new,0,
duschen,دش,دوشن,,,word,,,new,0,
dürfen,يمكن,دورفن,,,word,,,new,0,
ebenso,أيضًا,ِبنزو,,,word,,,new,0,
echt,حقيقي,ِشت,,,word,,,new,0,
egal,لا يهم,ِغال,,,word,,,new,0,
ehrlich,أمين,ِهرليش,,,word,,,new,0,
eigene,ملك,آيغنه,,,word,,,new,0,
eilig,عجل,آيليغ,,,word,,,learning,31,
ein,أ,آين,,,word,,,new,0,
ein Paar,زوجان,آين باار,,,phrase,,,new,0,
einfach,ببساطة,آينفاخ,,,word,,,new,0,
einfallen,هيا تعال,آينفاللن,,,word,,,new,0,
einhalten,يحتفظ,آينهالتن,,,word,,,new,0,
einhundert,مائة,آينهوندرت,,,word,,,new,0,
einige,بعض,آينيغه,,,word,,,new,0,
einkaufen,التسوق,آينكآوفن,,,word,,,new,0,
einkaufen gehen,اذهب للتسوق,آينكآوفن غههن,,,phrase,,,new,0,
einladen,يدعو,آينلادن,,,word,,,new,0,
einmal,مرة واحدة,آينمال,,,word,,,new,0,
einpacken,علية,آينباكن,,,word,,,new,0,
eins,واحد,آينز,,,word,,,new,0,
einsammeln,يجمع,آينزامملن,,,word,,,new,0,
einschlafen,أنام,آينشلافن,,,word,,,new,0,
einsteigen,أدخل,آينزتآيغن,,,word,,,new,0,
eintausend,ألف,آينتآوزند,,,word,,,new,0,
einverstanden sein,للموافقة,آينفرزتاندن زآين,,,phrase,,,new,0,
elegant,رائع,لِغانت,,,word,,,new,0,
elf,أحد عشر,لف,,,word,,,new,0,
emotional,عاطفيا,ِموتسيونال,,,word,,,new,0,
empfangen,تلقى,ِمبفانغن,,,word,,,new,0,
empfehlen,يوصي,ِمبفِهلن,,,word,,,new,0,
enden,نهاية,ندن,,,word,,,new,0,
endlich,أخيراً,ندليش,,,word,,,new,0,
eng,عن قرب,نغ,,,word,,,new,0,
England,إنجلترا,نغلاند,,,word,,,new,0,
Englisch,إنجليزي,نغليش,,,word,,,new,0,
entdecken,يكتشف,نتدِكن,,,word,,,new,0,
entscheiden,يقرر,نتشآيدن,,,word,,,new,0,
entschuldigen,عذر,نتشولديغن,,,word,,,new,0,
entwickeln,يطور,نتفيكلن,,,word,,,new,0,
er,هو,إير,,,word,,,new,0,
erfolgreich,ناجح,رفولغرآيش,,,word,,,new,0,
ergänzen,اضف إليه,رغينتسن,,,word,,,new,0,
erinnern,يتذكر,ريننرن,,,word,,,new,0,
erkennen,يتعرف على,ركننن,,,word,,,new,0,
erklären,يشرح,ركليرن,,,word,,,new,0,
erkältet,بارد,ركيلتهت,,,word,,,new,0,
erlaubt sein,يُسمح به,رلآوبت زآين,,,phrase,,,new,0,
erledigen,مكتمل,رلِديغن,,,word,,,new,0,
erreichbar,يمكن الوصول إليه,ررآيشبار,,,word,,,new,0,
erschließen,يطور,رشليسن,,,word,,,new,0,
erste,أولاً,رزته,,,word,,,new,0,
erstmal,أولاً,رزتمال,,,word,,,new,0,
erwarten,يتوقع,رفارتن,,,word,,,new,0,
erzählen,يخبر,رتسيهلن,,,word,,,new,0,
eröffnen,يفتح,روِففنن,,,word,,,new,0,
es,هو - هي,إس,,,word,,,new,0,
essen,يأكل,ِززن,,,word,,,new,0,
etwas,شئ ما,ِتفاز,,,word,,,new,0,
euch,أنت,أويش,,,word,,,new,0,
euer,لك,أوير,,,word,,,new,0,
Europa,أوروبا,أويروبا,,,word,,,new,0,
Extra-,إضافي-,ِكسترا-,,,word,,,new,0,
fallen,يسقط,فاللن,,,word,,,new,0,
falsch,غير صحيح,فالش,,,word,,,new,0,
fantastisch,رائع,فانتازتيش,,,word,,,new,0,
faul,كسول,فآول,,,word,,,new,0,
fehlen,يفتقد,فِهلن,,,word,,,new,0,
fehlend,مفتقد,فِهلند,,,word,,,new,0,
feiern,احتفل,فآيرن,,,word,,,new,0,
feminin,المؤنث,فِمينين,,,word,,,new,0,
fernsehen,تلفزيون,فرنزِهن,,,word,,,new,0,
fertig,مكتمل,فرتيغ,,,word,,,new,0,
fest,بحزم,فِزت,,,word,,,new,0,
finanziell,ماليا,فينانتسيلل,,,word,,,new,0,
finden,يجد,فيندن,,,word,,,new,0,
fit,ملائم,فيت,,,word,,,new,0,
fleißig,مجتهد,فلآيسيغ,,,word,,,new,0,
fließend,طلِق,فليسند,,,word,,,new,0,
flüstern,همس,فلوزترن,,,word,,,new,0,
folgen,عواقب,فولغن,,,word,,,new,0,
folgend,التالي,فولغند,,,word,,,new,0,
formell,رسميا,فورملل,,,word,,,new,0,
formulieren,صياغة,فورموليرن,,,word,,,new,0,
fotografieren,تصوير,فوتوغرافيرن,,,word,,,new,0,
fragen,أسئلة,فراغن,,,word,,,new,0,
Frankreich,فرنسا,فرانكرآيش,,,word,,,new,0,
Französisch,فرنسي,فرانتسوِزيش,,,word,,,new,0,
Frau,امرأة,فرآو,,,word,,,new,0,
frei,حر,فرآي,,,word,,,new,0,
freihaben,حر,فرآيهابن,,,word,,,new,0,
freiwillig,طواعيةً,فرآيفيلليغ,,,word,,,new,0,
freuen,كن سعيدا,فرأوين,,,word,,,new,0,
freundlich,ودي,فرأويندليش,,,word,,,new,0,
frisch,طازج,فريش,,,word,,,new,0,
fröhlich,مبتهج,فروِهليش,,,word,,,learning,29,
früh,مبكر,فروه,,,word,,,new,0,
frühstücken,إفطار,فروهزتوكن,,,word,,,new,0,
funktionieren,وظيفة,فونكتسيونيرن,,,word,,,new,0,
furchtbar,رهيب,فورشتبار,,,word,,,new,0,
Fußball,كرة القدم,فوسبالل,,,word,,,new,0,
fühlen,يشعر,فوهلن,,,word,,,new,0,
führen,يقود,فوهرن,,,word,,,new,0,
fünf,خمسة,فونف,,,word,,,new,0,
fünfzehn,خمسة عشر,فونفتسِهن,,,word,,,new,0,
fünfzig,خمسون,فونفتسيغ,,,word,,,new,0,
für (+A.),لـ (+أ.),فوير (+ا.),,,phrase,,,new,0,
ganz,تمامًا,غانتس,,,word,,,new,0,
gar,حتى,غار,,,word,,,new,0,
geben,يعطي,غهبن,,,word,,,new,0,
geboren,وُلِدّ,غهبورن,,,word,,,new,0,
geehrt,تم تكريمنا,غهِهرت,,,word,,,new,0,
gefallen,سقط,غهفاللن,,,word,,,new,0,
gefährlich,خطير,غهفيهرليش,,,word,,,new,0,
gegen (+ A.),ضد (+ أ.),غهغن (+ ا.),,,phrase,,,new,0,
gegenseitig,بعضها البعض,غهغنزآيتيغ,,,word,,,new,0,
gegenüber,عكس,غهغنوبر,,,word,,,new,0,
gehen,يذهب,غههن,,,word,,,new,0,
gehören,ينتمي ل,غههورن,,,word,,,new,0,
gelb,أصفر,غلب,,,word,,,new,0,
gemeinsam,معاً,غهمآينزام,,,word,,,new,0,
gemütlich,مريح,غهموتليش,,,word,,,new,0,
genau,بالضبط,غنآو,,,word,,,new,0,
genauso,تمامًا كما,غنآوزو,,,word,,,new,0,
genehmigen,للسماح,غنِهميغن,,,word,,,new,0,
genervt,متضايق,غنرفت,,,word,,,new,0,
genießen,يتمتع,غنيسن,,,word,,,new,0,
genug,كافٍ,غنوغ,,,word,,,new,0,
Geografie,الجغرافيا,غهوغرافي,,,word,,,new,0,
geradeaus,مباشرة للأمام,غرادِآوز,,,word,,,new,0,
gern,بكل سرور,غرن,,,word,,,new,0,
gerne,بكل سرور,غرنه,,,word,,,new,0,
Geschichte,قصة,غهشيشته,,,word,,,new,0,
geschlossen,مغلق,غهشلوززن,,,word,,,new,0,
gestalten,تصميم,غهزتالتن,,,word,,,new,0,
gestern,أمس,غيسترن,,,word,,,new,0,
gestresst,متوتر,غهزترِززت,,,word,,,new,0,
gesund,صحيح,غهزوند,,,word,,,new,0,
getrennt,منفصل,غهترننت,,,word,,,new,0,
gewinnen,يفوز,غهفيننن,,,word,,,new,0,
gewöhnen,اعتد على,غهفوِهنن,,,word,,,new,0,
geöffnet,يفتح,غهوِففنِت,,,word,,,new,0,
gleichfalls,ولك مثله,غلآيشفاللز,,,word,,,new,0,
glücklich,سعيد,غلوكليش,,,word,,,new,0,
Grafik,رسم بياني,غرافيك,,,word,,,new,0,
gratulieren,تهانينا,غراتوليرن,,,word,,,new,0,
grau,رمادي,غرآو,,,word,,,new,0,
Griechenland,اليونان,غريشنلاند,,,word,,,new,0,
grillen,الشواء,غريللن,,,word,,,new,0,
groß,كبير,غروس,,,word,,,new,0,
grüezi,مرحبًا,غروِتسي,,,word,,,new,0,
grün,أخضر,غرون,,,word,,,new,0,
gründen,وجد,غروندن,,,word,,,new,0,
grüß Gott,يوم جيد,غروس غوتت,,,phrase,,,new,0,
grüßen,تحية,غروسن,,,word,,,new,0,
gut,جيد,غوت,,,word,,,new,0,
gute Besserung,نتمنى لك الشفاء العاجل,غوته بهززرونغ,,,phrase,,,new,0,
gute Nacht,طاب مساؤك,غوته ناخت,,,phrase,,,new,0,
guten Abend,مساء الخير,غوتن ابند,,,phrase,,,new,0,
guten Appetit,شهية طيبة,غوتن اببهتيت,,,phrase,,,new,0,
guten Morgen,صباح الخير,غوتن مورغن,,,phrase,,,new,0,
guten Tag,يوم جيد,غوتن تاغ,,,phrase,,,new,0,
gültig,صالح,غولتيغ,,,word,,,new,0,
günstig,رخيص,غونزتيغ,,,word,,,new,0,
haben,يملك,هابن,,,word,,,new,0,
halb,نصف,هالب,,,word,,,new,0,
hallo,مرحبًا,هالو,,,word,,,new,0,
heiraten,الزواج,هآيراتن,,,word,,,new,0,
heiß,حار,هآيس,,,word,,,new,0,
heißen,يُطلق عليه اسم,هآيسن,,,word,,,new,0,
hektisch,محموم,هِكتيش,,,word,,,new,0,
hell,ساطع,هلل,,,word,,,new,0,
her,ها,هر,,,word,,,new,0,
Herr,السيد,هرر,,,word,,,new,0,
herunterladen,تحميل,هرونترلادن,,,word,,,new,0,
herzlich,من القلب,هرتسليش,,,word,,,new,0,
heute,اليوم,هويته,,,word,,,new,0,
hey,يا,هِي,,,word,,,new,0,
hi,أهلاً,هي,,,word,,,new,0,
hier,هنا,هير,,,word,,,new,0,
hilfsbereit,متعاون,هيلفزبرآيت,,,word,,,new,0,
hin und zurück,رحلة ذهابًا وإيابًا,هين أوند تسوروك,,,phrase,,,new,0,
hinlegen,اضطجع,هينلِغن,,,word,,,new,0,
hinter (+ D.),خلف (+ د.),هينتر (+ د.),,,phrase,,,new,0,
hintereinander,واحد تلو الآخر,هينترآيناندر,,,word,,,new,0,
hinterlassen,اترك وراءك,هينترلاززن,,,word,,,new,0,
hoch,عالي,هوخ,,,word,,,new,0,
hochfahren,قم بتشغيل الجهاز,هوخفاهرن,,,word,,,new,0,
hochladen,رفع,هوخلادن,,,word,,,new,0,
hoffen,يأمل,هوففن,,,word,,,new,0,
hoffentlich,أملاً,هوففنتليش,,,word,,,new,0,
holen,أحضر,هولن,,,word,,,new,0,
hundert,مائة,هوندرت,,,word,,,new,0,
hungrig,جائع,هونغريغ,,,word,,,new,0,
hurra,يا هلا,هوررا,,,word,,,new,0,
husten,سعال,هوزتن,,,word,,,new,0,
hässlich,قبيح,هيززليش,,,word,,,new,0,
häufig,مرارًا,هأويفيغ,,,word,,,new,0,
höflich,مؤدب,هوِفليش,,,word,,,new,0,
hören,يسمع,هورن,,,word,,,new,0,
ich,أنا,إيش,,,word,,,new,0,
ideal,مثالي,يدِال,,,word,,,new,0,
ihn,له,يهن,,,word,,,new,0,
Ihnen,هم,يهنن,,,word,,,new,0,
Ihr,ها,إير,,,word,,,new,0,
immer,دائماً,يممر,,,word,,,new,0,
in,في,إن,,,word,,,new,0,
in (+ D.),في (+ د.),إن (+ د.),,,phrase,,,new,0,
individuell,بشكل فردي,ينديفيدولل,,,word,,,new,0,
Indonesien,أندونيسيا,يندونِزين,,,word,,,new,0,
Indonesisch,إندونيسيا,يندونِزيش,,,word,,,new,0,
Informatik,علوم الحاسوب,ينفورماتيك,,,word,,,new,0,
informell,غير رسمي,ينفورملل,,,word,,,new,0,
informieren,يخبر,ينفورميرن,,,word,,,new,0,
inhalieren,استنشق,ينهاليرن,,,word,,,new,0,
inoffiziell,بشكل غير رسمي,ينوففيتسيلل,,,word,,,new,0,
insgesamt,إجمالاً,ينزغهزامت,,,word,,,overdue,25,
interessant,مثير للاهتمام,ينترِززانت,,,word,,,new,0,
interessieren,ذات أهمية,ينترِززيرن,,,word,,,new,0,
international,دولي,ينترناتسيونال,,,word,,,new,0,
inzwischen,في هذه الأثناء,ينتسفيشن,,,word,,,new,0,
Italien,إيطاليا,يتالين,,,word,,,new,0,
Italienisch,إيطالي,يتالينيش,,,word,,,new,0,
japan,اليابان,يابان,,,word,,,new,0,
japanisch,اليابانية,يابانيش,,,word,,,new,0,
je,كل,يه,,,word,,,new,0,
jede,كل,يِده,,,word,,,new,0,
jemand,شخص ما,يِماند,,,word,,,new,0,
jetzt,الآن,يِتست,,,word,,,new,0,
jeweils,على التوالى,يِفآيلز,,,word,,,new,0,
jobben,وظيفة,يوببن,,,word,,,new,0,
joggen,هرولة,يوغغن,,,word,,,new,0,
Joghurt,الزبادي,يوغهورت,,,word,,,new,0,
kalt,بارد,كالت,,,word,,,new,0,
kaputt,مكسور,كابوتت,,,word,,,new,0,
Karate,الكاراتيه,كاراته,,,word,,,new,0,
kaufen,يشتري,كآوفن,,,word,,,new,0,
kaum,بالكاد,كآوم,,,word,,,new,0,
kein,لا,كاين,,,word,,,new,0,
Keks,بسكويت,كهكز,,,word,,,new,0,
Kellner,النادل,كللنر,,,word,,,new,0,
klappen,النجاح,كلاببن,,,word,,,new,0,
klar,واضح,كلار,,,word,,,new,0,
klein,صغير,كلآين,,,word,,,new,0,
klettern,تسلق,كلِتترن,,,word,,,new,0,
klingen,صوت,كلينغن,,,word,,,new,0,
klopfen,طرق,كلوبفن,,,word,,,new,0,
ko.,كو.,كو.,,,sentence,,,new,0,
kochen,يطبخ,كوخن,,,word,,,new,0,
komisch,مضحك,كوميش,,,word,,,new,0,
kommen,يأتي,كوممن,,,word,,,new,0,
kommentieren,تعليق,كوممنتيرن,,,word,,,new,0,
komplett,بالكامل,كومبلِتت,,,word,,,new,0,
konjugiert,مترافق,كونيوغيرت,,,word,,,new,0,
kontrollieren,يتحكم,كونترولليرن,,,word,,,new,0,
konzentrieren,ركز,كونتسنتريرن,,,word,,,new,0,
kopieren,ينسخ,كوبيرن,,,word,,,new,0,
korrigieren,صحيح,كورريغيرن,,,word,,,new,0,
krank,مريض,كرانك,,,word,,,new,0,
kreativ,مبدع,كرِاتيف,,,word,,,new,0,
kreisen,يدور,كرآيزن,,,word,,,new,0,
kriegen,يحصل,كريغن,,,word,,,new,0,
kritisch,شديد الأهمية,كريتيش,,,word,,,new,0,
Kunsterziehung,التربية الفنية,كونزترتسيهونغ,,,word,,,new,0,
kurz,قصير,كورتس,,,word,,,new,0,
können,يستطيع,كوننن,,,word,,,new,0,
kümmern,يعتني,كوممرن,,,word,,,new,0,
lachen,يضحك,لاخن,,,word,,,new,0,
lang,طويل,لانغ,,,word,,,new,0,
lange,طويل,لانغه,,,word,,,new,0,
langsam,سريع,لانغزام,,,word,,,new,0,
langweilen,ثقب,لانغفآيلن,,,word,,,new,0,
langweilig,ممل,لانغفآيليغ,,,word,,,new,0,
Latein,اللاتينية,لاتآين,,,word,,,new,0,
laufen,يجري,لآوفن,,,word,,,new,0,
laut,عالي,لآوت,,,word,,,new,0,
lebendig,حيوي,لِبنديغ,,,word,,,new,0,
lebenslang,حياة,لِبنزلانغ,,,word,,,new,0,
leer,فارغ,لِر,,,word,,,new,0,
leeren,فارغ,لِرن,,,word,,,new,0,
leidItun,آسف يا إيتون,لآيديتون,,,word,,,new,0,
leise,هادئ,لآيزه,,,word,,,new,0,
lernen,يتعلم,لرنن,,,word,,,new,0,
lesen,يقرأ,لِزن,,,word,,,new,0,
letzte,آخر,لِتسته,,,word,,,new,0,
lieb,عزيزي,ليب,,,word,,,new,0,
lieben,حب,ليبن,,,word,,,new,0,
Lieblings-,مفضل-,ليبلينغز-,,,word,,,new,0,
liegen,يضع,ليغن,,,word,,,new,0,
lila,أرجواني,ليلا,,,word,,,new,0,
links,غادر,لينكز,,,word,,,new,0,
logisch,منطقي,لوغيش,,,word,,,new,0,
los sein,ارحل,لوز زآين,,,phrase,,,new,0,
losfahren,يبدأ,لوزفاهرن,,,word,,,new,0,
losgehen,يبدأ,لوزغههن,,,word,,,new,0,
lustig,مضحك,لوزتيغ,,,word,,,new,0,
lächeln,يبتسم,ليشلن,,,word,,,new,0,
länger,أطول,لينغر,,,word,,,new,0,
löschen,يمسح,لوِشن,,,word,,,new,0,
machen,يصنع,ماخن,,,word,,,new,0,
mailen,بريد إلكتروني,مآيلن,,,word,,,new,0,
malen,طلاء,مالن,,,word,,,new,0,
man,رجل,مان,,,word,,,new,0,
manche,بعض,مانشه,,,word,,,new,0,
manchmal,أحيانا,مانشمال,,,word,,,new,0,
markieren,علامة,ماركيرن,,,word,,,new,0,
maskulin,مذكر,مازكولين,,,word,,,new,0,
Mathe,الرياضيات,ماته,,,word,,,new,0,
Mathematik,الرياضيات,ماتهماتيك,,,word,,,new,0,
maximal,أقصى,ماكسيمال,,,word,,,new,0,
Medizin,الدواء,مِديتسين,,,word,,,new,0,
mehrere,عديد,مِهرره,,,word,,,new,0,
mehrmals,عدة مرات,مِهرمالز,,,word,,,new,0,
mein,لي,مآين,,,word,,,new,0,
meinen,يقصد,مآينن,,,word,,,new,0,
melden,تقرير,ملدن,,,word,,,new,0,
merken,يتذكر,مركن,,,word,,,new,0,
Mexiko,المكسيك,مِكسيكو,,,word,,,new,0,
mich,أنا,ميش,,,word,,,new,0,
mieten,إيجار,ميتن,,,word,,,new,0,
minus,ناقص,مينوز,,,word,,,new,0,
mir,أنا,مير,,,word,,,new,0,
mischen,مزج,ميشن,,,word,,,new,0,
mit (+ D.),مع (+ د.),ميت (+ د.),,,phrase,,,new,0,
mitbringen,أحضر معك,ميتبرينغن,,,word,,,new,0,
mithelfen,يساعد,ميتلفن,,,word,,,new,0,
mitkommen,تعال معي,ميتكوممن,,,word,,,new,0,
mitlesen,اقرأ معنا,ميتلِزن,,,word,,,new,0,
mitmachen,يشارك,ميتماخن,,,word,,,new,0,
mitnehmen,اصطحب معك,ميتنِهمن,,,word,,,new,0,
mitsprechen,أدل برأيك,ميتزبرِشن,,,word,,,new,0,
mittags,منتصف النهار,ميتتاغز,,,word,,,new,0,
mitteilen,يتواصل,ميتتآيلن,,,word,,,new,0,
mobil,متحرك,موبيل,,,word,,,new,0,
modern,حديث,مودرن,,,word,,,new,0,
moin,صباح الخير,موين,,,word,,,new,0,
morgen,صباح,مورغن,,,word,,,new,0,
morgens,صباح,مورغنز,,,word,,,new,0,
männlich,مذكر,ميننليش,,,word,,,new,0,
mögen,يحب,موِغن,,,word,,,new,0,
möglich,ممكن,موِغليش,,,word,,,new,0,
müde,مرهق,موده,,,word,,,new,0,
müssen,يجب,موززن,,,word,,,new,0,
nach Hause,بيت,ناخ هآوزه,,,phrase,,,new,0,
nach (+ D.),بعد (+ د.),ناخ (+ د.),,,phrase,,,new,0,
nachmittags,بعد الظهر,ناخميتتاغز,,,word,,,new,0,
nachsprechen,يكرر,ناخزبرِشن,,,word,,,new,0,
nachts,ليلاً,ناختز,,,word,,,new,0,
nah,يغلق,ناه,,,word,,,new,0,
neben (+ D.),بجوار (+ د.),نيبن (+ د.),,,phrase,,,new,0,
nebeneinander,جنبا إلى جنب,نِبنآيناندر,,,word,,,new,0,
negativ,سلبي,نِغاتيف,,,word,,,new,0,
nehmen,يأخذ,نِهمن,,,word,,,new,0,
nein,لا,ناين,,,word,,,new,0,
nennen,لتسمية,نننن,,,word,,,new,0,
nerven,ضايق,نرفن,,,word,,,new,0,
nervös,متوتر,نرفوِز,,,word,,,new,0,
nett,لطيف - جيد,نِتت,,,word,,,new,0,
neu,جديد,نأوي,,,word,,,new,0,
neun,تسعة,نأوين,,,word,,,new,0,
neunzehn,تسعة عشر,نأوينتسِهن,,,word,,,new,0,
neunzig,تسعون,نأوينتسيغ,,,word,,,new,0,
neutral,حيادي,نأويترال,,,word,,,new,0,
neutrum,خصى,نأويتروم,,,word,,,new,0,
nicht,لا,نيشت,,,word,,,new,0,
nichtnur,ليس فقط,نيشتنور,,,word,,,new,0,
nichts,لا شئ,نيشتز,,,word,,,new,0,
nie,أبداً,ني,,,word,,,new,0,
niemand,لا احد,نيماند,,,word,,,new,0,
nirgends,لا مكان,نيرغندز,,,word,,,new,0,
noch einmal,مرة أخرى,نوخ آينمال,,,phrase,,,new,0,
noch mal,مرة أخرى,نوخ مال,,,phrase,,,learning,14,
Nord-,شمال,نورد-,,,word,,,new,0,
normal,طبيعي,نورمال,,,word,,,new,0,
normalerweise,عادة,نورمالرفآيزه,,,word,,,new,0,
notieren,ملحوظة,نوتيرن,,,word,,,new,0,
null,صفر,نولل,,,word,,,new,0,
nummerieren,رقم,نوممريرن,,,word,,,new,0,
nun,لذا,نون,,,word,,,new,0,
nurnoch,فقط,نورنوخ,,,word,,,new,0,
nutzen,للاستخدام,نوتسن,,,word,,,new,0,
nächste,التالي,نيشزته,,,word,,,new,0,
nützlich,مفيد,نوتسليش,,,word,,,new,0,
oben,فوق,وبن,,,word,,,new,0,
oder,أو,أودر,,,word,,,new,0,
offen,يفتح,وففن,,,word,,,new,0,
offiziell,رسمياً,وففيتسيلل,,,word,,,new,0,
offline,غير متصل بالإنترنت,وففلينه,,,word,,,new,0,
oft,غالباً,وفت,,,word,,,new,0,
ohne (+ A.),بدون (+ أ.),وهنه (+ ا.),,,phrase,,,new,0,
okay,نعم,وكاي,,,word,,,new,0,
online,متصل,ونلينه,,,word,,,new,0,
orange,البرتقالي,ورانغه,,,word,,,new,0,
Orangensaft,عصير البرتقال,ورانغنزافت,,,word,,,new,0,
ordentlich,منظم,وردنتليش,,,word,,,new,0,
ordnen,يرتب,وردنن,,,word,,,new,0,
organisieren,تنظم,ورغانيزيرن,,,word,,,new,0,
orientieren,شرقي,ورينتيرن,,,word,,,new,0,
originell,إبداعي,وريغينلل,,,word,,,new,0,
paar,زوج,باار,,,word,,,new,0,
packen,علية,باكن,,,word,,,new,0,
passen,ملائم,باززن,,,word,,,new,0,
passend,ملائم,باززند,,,word,,,new,0,
passieren,يحدث,باززيرن,,,word,,,new,0,
peinlich,محرج,بآينليش,,,word,,,new,0,
persönlich,شخصي,برزونليش,,,word,,,new,0,
pflegen,يحافظ على,بفلِغن,,,word,,,new,0,
Physik,الفيزياء,فيزيك,,,word,,,learning,33,
plus,زائد,بلوز,,,word,,,new,0,
plötzlich,فجأة,بلوِتسليش,,,word,,,new,0,
Polen,بولندا,بولن,,,word,,,new,0,
Polnisch,بولندي,بولنيش,,,word,,,new,0,
populär,شائع,بوبولير,,,word,,,new,0,
Portugal,البرتغال,بورتوغال,,,word,,,new,0,
Portugiesisch,البرتغالية,بورتوغيزيش,,,word,,,new,0,
positiv,إيجابي,بوزيتيف,,,word,,,new,0,
posten,بريد,بوزتن,,,word,,,new,0,
praktisch,عملي,براكتيش,,,word,,,new,0,
preiswert,غير مكلف,برآيزفرت,,,word,,,new,0,
privat,خاص,بريفات,,,word,,,new,0,
pro,لكل,برو,,,word,,,new,0,
probieren,جرِّب أو حاول,بروبيرن,,,word,,,new,0,
problemlos,لا مشكلة,بروبلِملوز,,,word,,,new,0,
professionell,احترافي,بروفِززيونلل,,,word,,,new,0,
programmieren,برنامج,بروغرامميرن,,,word,,,new,0,
prost,هتافات!,بروزت,,,word,,,new,0,
präsentieren,حاضر,بريزنتيرن,,,word,,,new,0,
prüfen,يفحص,بروفن,,,word,,,new,0,
pünktlich,في الوقت المحدد,بونكتليش,,,word,,,new,0,
qm,متر مربع,كم,,,word,,,new,0,
raten,يخمن,راتن,,,word,,,new,0,
rauchen,دخان,رآوشن,,,word,,,new,0,
rausgehen,الخروج,رآوزغههن,,,word,,,new,0,
reagieren,رد الفعل,رِاغيرن,,,word,,,new,0,
real,حقيقي,رِال,,,word,,,new,0,
recherchieren,بحث,رِشرشيرن,,,word,,,new,0,
rechts,يمين,رِشتز,,,word,,,new,0,
reden,يتحدث,رِدن,,,word,,,new,0,
reflexiv,انعكاسي,رِفلِكسيف,,,word,,,new,0,
regelmäßig,بانتظام,رِغلميسيغ,,,word,,,new,0,
regnen,مطر,رِغنن,,,word,,,new,0,
reisen,يسافر,رآيزن,,,word,,,new,0,
reiten,يركب,رآيتن,,,word,,,new,0,
renovieren,تجديد,رنوفيرن,,,word,,,new,0,
renoviert,تم تجديده,رنوفيرت,,,word,,,new,0,
reservieren,احتياطي,رِزرفيرن,,,word,,,new,0,
richtig,صحيح,ريشتيغ,,,word,,,new,0,
riechen,يشم,ريشن,,,word,,,new,0,
riesig,عملاق,ريزيغ,,,word,,,new,0,
romantisch,رومانسي,رومانتيش,,,word,,,due,0,
rot,أحمر,روت,,,word,,,new,0,
rufen,يتصل,روفن,,,word,,,new,0,
ruhig,هادئ,روهيغ,,,word,,,new,0,
rund,حول,روند,,,word,,,new,0,
rund um,حول,روند وم,,,phrase,,,new,0,
runterladen,تحميل,رونترلادن,,,word,,,new,0,
Russisch,الروسية,روززيش,,,word,,,new,0,
Russland,روسيا,روززلاند,,,word,,,new,0,
Rätoromanisch,الرومانشية,ريتورومانيش,,,word,,,new,0,
sagen,يقول,زاغن,,,word,,,new,0,
salzig,مالح,زالتسيغ,,,word,,,new,0,
sammeln,يجمع,زامملن,,,word,,,new,0,
samstags,أيام السبت,زامزتاغز,,,word,,,new,0,
Sandwich,شطيرة,زاندفيش,,,word,,,new,0,
satt,ممتلىء,زاتت,,,word,,,new,0,
sauber,ينظف,زآوبر,,,word,,,new,0,
sauber machen,تنظيف,زآوبر ماخن,,,phrase,,,new,0,
schade,سيئة للغاية,شاده,,,word,,,new,0,
scharf,حاد,شارف,,,word,,,new,0,
schauen,ينظر,شآون,,,word,,,new,0,
scheinen,يبدو,شآينن,,,word,,,new,0,
schenken,يعطي,شنكن,,,word,,,new,0,
schicken,يرسل,شيكن,,,word,,,new,0,
schlafen,ينام,شلافن,,,word,,,new,0,
schlecht,سيء,شلِشت,,,word,,,new,0,
schließen,يغلق,شليسن,,,word,,,new,0,
schmücken,تزيين,شموكن,,,word,,,new,0,
schneiden,يقطع,شنآيدن,,,word,,,new,0,
schneien,ثلج,شنآين,,,word,,,new,0,
schnell,سريع,شنلل,,,word,,,new,0,
schrecklich,رهيب,شرِكليش,,,word,,,new,0,
schreiben,يكتب,شرآيبن,,,word,,,new,0,
schwanger,حامل,شفانغر,,,word,,,new,0,
schwarz,أسود,شفارتس,,,word,,,new,0,
schwierig,صعب,شفيريغ,,,word,,,new,0,
schwimmen,للسباحة,شفيممن,,,word,,,new,0,
schälen,قشر,شيلن,,,word,,,new,0,
schön,لطيف - جيد,شون,,,word,,,new,0,
schütten,صب,شوتتن,,,word,,,new,0,
sechs,ستة,زِشز,,,word,,,new,0,
sechzehn,ستة عشر,زِشتسِهن,,,word,,,new,0,
sechzig,ستون,زِشتسيغ,,,word,,,new,0,
segeln,الإبحار,زِغلن,,,word,,,new,0,
sehen,يرى,زِهن,,,word,,,new,0,
sehr,جداً,زير,,,word,,,new,0,
sein,يكون,زآين,,,word,,,new,0,
seit (+D.),منذ (+D.),زآيت (+د.),,,phrase,,,new,0,
selbstständig,العاملون لحسابهم الخاص,زلبزتزتينديغ,,,word,,,new,0,
selten,نادرًا,زلتن,,,word,,,new,0,
senden,يرسل,زندن,,,word,,,new,0,
Serbisch,الصربية,زربيش,,,word,,,new,0,
servieren,يخدم,زرفيرن,,,word,,,new,0,
shoppen,التسوق,زهوببن,,,word,,,new,0,
shoppen gehen,اذهب للتسوق,زهوببن غههن,,,phrase,,,new,0,
sich,نفسها,زيش,,,word,,,new,0,
Sie,هي,زي,,,word,,,new,0,
sieben,سبعة,زيبن,,,word,,,new,0,
siebzehn,سبعة عشر,زيبتسِهن,,,word,,,new,0,
siebzig,سبعون,زيبتسيغ,,,word,,,new,0,
singen,يغني,زينغن,,,word,,,new,0,
sitzen,يجلس,زيتسن,,,word,,,new,0,
so,لذا,زو,,,word,,,new,0,
so ein,مثل هذا,زو آين,,,phrase,,,new,0,
sonnig,مشمس,زوننيغ,,,word,,,new,0,
sonst,خلاف ذلك,زونزت,,,word,,,new,0,
sozial,اجتماعي,زوتسيال,,,word,,,new,0,
Sozialkunde,العلوم الإجتماعية,زوتسيالكونده,,,word,,,new,0,
Spanien,إسبانيا,شبانين,,,word,,,new,0,
spannend,مثير,شباننند,,,word,,,new,0,
spazieren gehen,اذهب في نزهة,شباتسيرن غههن,,,phrase,,,new,0,
speichern,يحفظ,شبآيشرن,,,word,,,new,0,
sperren,إغلاق,شبررن,,,word,,,new,0,
spontan,تلقائي,شبونتان,,,word,,,new,0,
sportlich,رياضي,شبورتليش,,,word,,,new,0,
sprechen,يتكلم,شبرِشن,,,word,,,new,0,
spät,متأخر,شبيت,,,word,,,new,0,
später,لاحقاً,شبيتر,,,word,,,new,0,
spätestens,على أقصى تقدير,شبيتهزتنز,,,word,,,new,0,
stehen,يقف,شتههن,,,word,,,new,0,
stellen,مكان,شتللن,,,word,,,new,0,
still,ما زال,شتيلل,,,word,,,new,0,
stimmen,أصوات,شتيممن,,,word,,,new,0,
stolz,فخور,شتولتس,,,word,,,new,0,
streiten,يجادل,شترآيتن,,,word,,,new,0,
stressig,مرهق,شترِززيغ,,,word,,,new,0,
strukturieren,بناء,شتروكتوريرن,,,word,,,new,0,
Stuhl,كرسي,شتوهل,,,word,,,new,0,
stören,يزعج,شتورن,,,word,,,new,0,
suchen,يطلب,زوخن,,,word,,,new,0,
super,ممتاز,زوبر,,,word,,,new,0,
supernett,رائع للغاية,زوبرنِتت,,,word,,,new,0,
Süd-,جنوب-,زود-,,,word,,,new,0,
Südamerika,أمريكا الجنوبية,زودامريكا,,,word,,,new,0,
süß,حلو,زوس,,,word,,,new,0,
tanzen,الرقص,تانتسن,,,word,,,new,0,
tatsächlich,في الحقيقة,تاتزيشليش,,,word,,,new,0,
tauschen,للتبادل,تآوشن,,,word,,,new,0,
tausend,ألف,تآوزند,,,word,,,new,0,
tausend Dank,شكراً جزيلاً,تآوزند دانك,,,phrase,,,new,0,
teilen,ينقسم,تآيلن,,,word,,,new,0,
teilnehmen,يشارك,تآيلنِهمن,,,word,,,new,0,
telefonieren,قم بإجراء مكالمة هاتفية,تلِفونيرن,,,word,,,new,0,
Tennis,التنس,تننيز,,,word,,,new,0,
teuer,غالي,تأوير,,,word,,,new,0,
Thailand,تايلاند,تآيلاند,,,word,,,new,0,
thematisch,موضوعي,تهماتيش,,,word,,,new,0,
tippen,مقبض,تيببن,,,word,,,new,0,
toll,عظيم,تولل,,,word,,,new,0,
top,قمة,توب,,,word,,,new,0,
topaktuell,محدّث,توباكتولل,,,word,,,new,0,
tot,ميت,توت,,,word,,,new,0,
total,المجموع,توتال,,,word,,,new,0,
tragen,يحمل,تراغن,,,word,,,learning,23,
trainieren,يدرب,ترآينيرن,,,word,,,new,0,
transportieren,ينقل,ترانزبورتيرن,,,word,,,new,0,
Traum-,حلم-,ترآوم-,,,word,,,new,0,
traurig,حزين,ترآوريغ,,,word,,,new,0,
treffen,يقابل,ترِففن,,,word,,,new,0,
trennbar,قابل للفصل,ترننبار,,,word,,,new,0,
trinken,شرب,ترينكن,,,word,,,new,0,
Tschechien,الجمهورية التشيكية,تشِشين,,,word,,,new,0,
tschüs,الوداع,تشوز,,,word,,,new,0,
typisch,عادي,تيبيش,,,word,,,new,0,
Türkisch,تركي,توركيش,,,word,,,new,0,
Uhr,ساعة,وهر,,,word,,,new,0,
um,ل,وم,,,word,,,new,0,
um (+ A.),أم (+ أ.),وم (+ ا.),,,phrase,,,new,0,
umsehen,انظر حولك,ومزِهن,,,word,,,new,0,
umsteigen,تحويل,ومزتآيغن,,,word,,,new,0,
umtauschen,تبادل,ومتآوشن,,,word,,,new,0,
umziehen,يتحرك,ومتسيهن,,,word,,,new,0,
unabhängig,مستقل,ونابهينغيغ,,,word,,,new,0,
unangenehm,غير سار,ونانغنِهم,,,word,,,new,0,
unbedingt,قطعاً,ونبهدينغت,,,word,,,new,0,
unbestimmt,غير محدد,ونبهزتيممت,,,word,,,new,0,
und,و,أوند,,,word,,,new,0,
Ungarisch,المجرية,ونغاريش,,,word,,,new,0,
ungefähr,تقريبًا,ونغهفيهر,,,word,,,new,0,
unglücklich,تعيس,ونغلوكليش,,,word,,,new,0,
unhöflich,غير مهذب,ونهوِفليش,,,word,,,new,0,
unnötig,غير ضروري,وننوِتيغ,,,word,,,new,0,
unordentlich,فوضوي,ونوردنتليش,,,word,,,new,0,
unregelmäßig,غير منتظم,ونرِغلميسيغ,,,word,,,new,0,
uns,نحن,ونز,,,word,,,new,0,
unser,ملكنا,ونزر,,,word,,,new,0,
unsympathisch,غير سار,ونزيمباتيش,,,word,,,new,0,
unter (+D.),تحت (+D.),أونتر (+د.),,,phrase,,,new,0,
unterhalten,ترفيه,ونترهالتن,,,word,,,new,0,
unterrichten,التدريس,ونترريشتن,,,word,,,new,0,
unterschreiben,لافتة,ونترشرآيبن,,,word,,,new,0,
unterstreichen,ضع خطاً تحته,ونترزترآيشن,,,word,,,new,0,
untersuchen,يفتش,ونترزوخن,,,word,,,new,0,
unterwegs,في الطريق,ونترفِغز,,,word,,,new,0,
unwichtig,غير مهم,ونفيشتيغ,,,word,,,new,0,
variieren,يتغير,فارييرن,,,word,,,new,0,
verabreden,حدد موعداً,فرابرِدن,,,word,,,new,0,
verabschieden,وداعا,فرابشيدن,,,word,,,new,0,
verbinden,يتصل,فربيندن,,,word,,,new,0,
verboten,مُحرَّم,فربوتن,,,word,,,new,0,
verdienen,يكسب,فردينن,,,word,,,new,0,
vereinbaren,يوافق,فرآينبارن,,,word,,,new,0,
vergleichen,يقارن,فرغلآيشن,,,word,,,new,0,
verkaufen,يبيع,فركآوفن,,,word,,,new,0,
verletzt,مصاب,فرلِتست,,,word,,,new,0,
verlieren,يخسر,فرليرن,,,word,,,new,0,
verlängern,يمتد,فرلينغرن,,,word,,,new,0,
vermieten,إيجار,فرميتن,,,word,,,new,0,
vermuten,يفترض,فرموتن,,,word,,,new,0,
verpassen,يفتقد,فرباززن,,,word,,,new,0,
verschieden,مختلف,فرشيدن,,,word,,,new,0,
verspätet,تأخير,فرزبيتهت,,,word,,,new,0,
versuchen,محاولة,فرزوخن,,,word,,,new,0,
verwenden,يستخدم,فرفندن,,,word,,,new,0,
verändern,يتغير,فريندرن,,,word,,,new,0,
viel,كثيراً,فيل,,,word,,,new,0,
viel zu,أكثر من اللازم بكثير,فيل تسو,,,phrase,,,learning,9,
vier,أربعة,فير,,,word,,,new,0,
vierzehn,أربعة عشر,فيرتسِهن,,,word,,,new,0,
vierzig,أربعون,فيرتسيغ,,,word,,,new,0,
virtuell,افتراضي,فيرتولل,,,word,,,new,0,
voll,ممتلىء,فولل,,,word,,,new,0,
von ... bis,من إلى,فون ... بيز,,,phrase,,,new,0,رموز أو جزء مبتور يحتاج مراجعة
von ...nach (+D.),من ... إلى (+D.),فون ...ناخ (+د.),,,phrase,,,new,0,رموز أو جزء مبتور يحتاج مراجعة
von ...zu (+D.),من ... إلى (+D.),فون ...تسو (+د.),,,phrase,,,new,0,رموز أو جزء مبتور يحتاج مراجعة
von (+ D.),من (+ د.),فون (+ د.),,,phrase,,,new,0,
vor (+ D.),قبل (+ د.),فور (+ د.),,,phrase,,,new,0,
vorbei sein,انتهى,فوربآي زآين,,,phrase,,,new,0,
vorbereiten,يحضر,فوربرآيتن,,,word,,,new,0,
vorgestern,أول أمس,فورغهزترن,,,word,,,new,0,
vorher,سابقًا,فورهر,,,word,,,new,0,
vorne,أمام,فورنه,,,word,,,new,0,
vorschlagen,يقترح,فورشلاغن,,,word,,,new,0,
vorsichtig,حذر,فورزيشتيغ,,,word,,,new,0,
vorspielen,يلعب,فورزبيلن,,,word,,,new,0,
vorstellen,يقدم,فورزتللن,,,word,,,new,0,
wach,مستيقظ,فاخ,,,word,,,new,0,
wahr,حقيقي,فاهر,,,word,,,new,0,
wahrscheinlich,من المحتمل,فاهرشآينليش,,,word,,,new,0,
wandern,رحلة مشي,فاندرن,,,word,,,new,0,
wann,متى,فان,,,word,,,new,0,
warm,دافيء,فارم,,,word,,,new,0,
warten,انتظر,فارتن,,,word,,,new,0,
was,ماذا,فاس,,,word,,,new,0,
waschen,غسل,فاشن,,,word,,,new,0,
wechseln,يتغير,فِشزلن,,,word,,,new,0,
wecken,استيقظ,فِكن,,,word,,,new,0,
weg sein,ابتعد,فِغ زآين,,,phrase,,,new,0,
wegfahren,انطلق بالسيارة,فِغفاهرن,,,word,,,new,0,
wegräumen,يُحفظ جانبا,فِغرأويمن,,,word,,,new,0,
wehltun,شعور جيد,فِهلتون,,,word,,,new,0,
weit,بعيد,فآيت,,,word,,,new,0,
weiter,إضافي,فآيتر,,,word,,,new,0,
weitere,أكثر,فآيتره,,,word,,,new,0,
weiterflüstern,همس,فآيترفلوزترن,,,word,,,new,0,
weiterhelfen,يساعد,فآيترهلفن,,,word,,,new,0,
weiterjhören,استمع للمزيد,فآيتريهورن,,,word,,,new,0,
weiterleiten,إلى الأمام,فآيترلآيتن,,,word,,,new,0,
weitermachen,يكمل,فآيترماخن,,,word,,,new,0,
weitersuchen,استمر في البحث,فآيترزوخن,,,word,,,new,0,
weiß,أبيض,فآيس,,,word,,,new,0,
welche,أيّ,فلشه,,,word,,,new,0,
weltweit,على مستوى العالم,فلتفآيت,,,word,,,new,0,
wem,مَن,فِم,,,word,,,new,0,
wen,من,فن,,,word,,,new,0,
wenigstens,على الأقل,فنيغزتنز,,,word,,,new,0,
wer,من,فير,,,word,,,new,0,
werden,يصبح,فردن,,,word,,,new,0,
wichtig,مهم,فيشتيغ,,,word,,,new,0,
wie,كيف,في,,,word,,,new,0,
wie bitte,عفواً، ماذا؟,في بيته,,,phrase,,,new,0,
wie lange,حتى متى,في لانغه,,,phrase,,,new,0,
wie viel,كم ثمن,في فيل,,,phrase,,,new,0,
wiedergeben,إعادة إنتاج,فيدرغهبن,,,word,,,new,0,
wiederholen,يكرر,فيدرهولن,,,word,,,new,0,
wiegen,وزن,فيغن,,,word,,,new,0,
willkommen,مرحباً,فيللكوممن,,,word,,,new,0,
windig,عاصف,فينديغ,,,word,,,new,0,
wir,نحن,فير,,,word,,,new,0,
wirklich,حقًا,فيركليش,,,word,,,new,0,
Wirtschaft,عمل,فيرتشافت,,,word,,,new,0,
wissen,معرفة,فيززن,,,word,,,new,0,
wo,أين,فو,,,word,,,new,0,
wofür,لماذا؟,فوفور,,,word,,,new,0,
woher,من أين,فوهر,,,word,,,new,0,
wohin,أين,فوهين,,,word,,,new,0,
wohlfühlen,شعور جيد,فوهلفوهلن,,,word,,,new,0,
worum,ماذا عن,فوروم,,,word,,,new,0,
worüber,عن ما,فوروبر,,,word,,,new,0,
wovon,منها,فوفون,,,word,,,new,0,
wunderbar,رائع,فوندربار,,,word,,,new,0,
wunderschön,جميل,فوندرشون,,,word,,,new,0,
wählen,يختار,فيهلن,,,word,,,new,0,
wünschen,يتمنى,فونشن,,,word,,,new,0,
würfeln,ألقِ النرد,فورفلن,,,word,,,new,0,
Yoga,اليوغا,يوغا,,,word,,,new,0,
zahlen,يدفع,تساهلن,,,word,,,new,0,
zehn,عشرة,تسِهن,,,word,,,new,0,
zeichnen,يرسم,تسآيشنن,,,word,,,new,0,
zeigen,يعرض,تسآيغن,,,word,,,new,0,
zentral,وسط المدينة,تسنترال,,,word,,,new,0,
zerlegen,فكك,تسرلِغن,,,word,,,new,0,
ziehen,يحذب,تسيهن,,,word,,,new,0,
zu,ل,تسو,,,word,,,new,0,
zu Fuß,سيراً على الأقدام,تسو فوس,,,phrase,,,new,0,
zu Hause,في البيت,تسو هآوزه,,,phrase,,,new,0,
zu Mittagessen,لتناول الغداء,تسو ميتتاغهززن,,,phrase,,,new,0,
zu sein,يكون,تسو زآين,,,phrase,,,new,0,
zu (+ D.),إلى (+ د.),تسو (+ د.),,,phrase,,,new,0,
zubereiten,يحضر,تسوبرآيتن,,,word,,,overdue,42,
zufrieden,راضي,تسوفريدن,,,word,,,new,0,
zuhaben,أن يكون لديك,تسوهابن,,,word,,,new,0,
zuhören,يستمع,تسوهورن,,,word,,,new,0,
zuletzt,آخر,تسولِتست,,,word,,,new,0,
zum Beispiel,على سبيل المثال,تسوم بآيزبيل,,,phrase,,,weak,47,
zum Schluss,ختاماً,تسوم شلوزز,,,phrase,,,new,0,
zum Wohl,لصالح,تسوم فوهل,,,phrase,,,new,0,
zumachen,يغلق,تسوماخن,,,word,,,new,0,
Zumba,زومبا,تسومبا,,,word,,,new,0,
zunehmen,زيادة الوزن,تسونِهمن,,,word,,,new,0,
zuordnen,تعيين,تسووردنن,,,word,,,new,0,
zurzeit,حالياً,تسورتسآيت,,,word,,,new,0,
zurückfahren,العودة بالسيارة,تسوروكفاهرن,,,word,,,new,0,
zurückfinden,اعثر على طريق العودة,تسوروكفيندن,,,word,,,new,0,
zurückkommen,عد,تسوروككوممن,,,word,,,new,0,
zurückrufen,أتصل مرة أخرى,تسوروكروفن,,,word,,,new,0,
zurückschicken,يعيد الإرسال / يرسل مجدداً,تسوروكشيكن,,,word,,,new,0,
zusagen,يوافق / يؤكد,تسوزاغن,,,word,,,new,0,
zusammen,معاً,تسوزاممن,,,word,,,new,0,
zusammengehören,ينتميان لبعضهما البعض,تسوزاممنغههورن,,,word,,,new,0,
zusammenleben,العيش معًا,تسوزاممنلِبن,,,word,,,new,0,
zusammenpassen,يتناسبان / يلائمان بعضهما,تسوزاممنباززن,,,word,,,new,0,
zustimmen,يوافق,تسوزتيممن,,,word,,,new,0,
zwanzig,عشرون,تسفانتسيغ,,,word,,,new,0,
zwei,اثنين,تسفآي,,,word,,,new,0,
zweimal,مرتين,تسفآيمال,,,word,,,new,0,
zweit,ثانية,تسفآيت,,,word,,,new,0,
zwischen (+D.),بين (+D.),تسفيشن (+د.),,,phrase,,,new,0,
zwölf,اثنا عشر,تسفولف,,,word,,,new,0,
ähnlich,مشابه,يهنليش,,,word,,,new,0,
ändern,يتغير,يندرن,,,word,,,new,0,
ärgerlich,مزعج,يرغرليش,,,word,,,new,0,
ärgern,ضايق,يرغرن,,,word,,,new,0,
öffentlich,عام,وِففنتليش,,,word,,,new,0,
öffnen,يفتح,وِففنن,,,word,,,new,0,
Österreich,النمسا,وِزتررآيش,,,word,,,new,0,
über,فوق,أوبر,,,word,,,new,0,
über (+ A.),حول (+ أ.),أوبر (+ ا.),,,phrase,,,new,0,
über (+ D.),حول (+ د.),أوبر (+ د.),,,phrase,,,new,0,
überall,في كل مكان,وبرالل,,,word,,,new,0,
überhaupt,على الإطلاق,وبرهآوبت,,,word,,,new,0,
überlegen,يفكر / يتأمل,وبرلِغن,,,word,,,new,0,
übernachten,المبيت,وبرناختن,,,word,,,new,0,
überraschen,مفاجأة,وبرراشن,,,word,,,new,0,
überrascht sein,ستتفاجأ,وبرراشت زآين,,,phrase,,,new,0,
überweisen,يحوّل المال,وبرفآيزن,,,word,,,new,0,